Step,ue0_x,ue0_y,ue0_height,ue0_direction,ue0_connected_bs,ue0_los_probability,ue0_los_state,ue0_pathloss,ue0_shadow_fading,ue0_rsrp,ue0_prx,ue0_sinr,ue0_speed,ue0_handover,ue0_bs1_idx,ue0_bs1_rsrp,ue0_bs2_idx,ue0_bs2_rsrp,ue0_bs3_idx,ue0_bs3_rsrp,ue0_bs4_idx,ue0_bs4_rsrp,ue0_bs5_idx,ue0_bs5_rsrp,ue0_bs6_idx,ue0_bs6_rsrp
0,5942.48,4429.50,10.50,0,11,0.10,NLOS,106.96,-4.02,-82.73,-54.95,19.02,26.93,0,7,-106.88,10,-106.92,9,-108.17,14,-108.18,15,-112.62,12,-114.51
1,5949.96,4429.50,10.50,0,11,0.09,NLOS,107.40,-4.02,-83.16,-55.38,18.59,26.93,0,10,-106.96,7,-107.01,14,-108.00,9,-108.21,15,-112.51,12,-114.53
2,5957.44,4429.50,10.50,0,11,0.09,NLOS,107.82,-4.02,-83.59,-55.81,18.16,26.93,0,10,-107.01,7,-107.13,14,-107.82,9,-108.25,15,-112.40,12,-114.56
3,5964.92,4429.50,10.50,0,11,0.09,NLOS,108.24,-4.02,-84.01,-56.23,17.74,26.93,0,10,-107.06,7,-107.25,14,-107.64,9,-108.29,15,-112.29,12,-114.58
4,5972.40,4429.50,10.50,0,11,0.08,NLOS,108.66,-5.65,-82.80,-55.01,16.80,26.93,0,10,-104.23,14,-105.00,7,-107.35,8,-110.13,15,-110.27,13,-111.42
5,5979.88,4429.50,10.50,0,11,0.08,NLOS,109.07,-5.65,-83.20,-55.42,16.37,26.93,0,10,-104.28,14,-104.81,7,-107.47,15,-110.16,8,-110.23,13,-111.43
6,5987.36,4429.50,10.50,0,11,0.08,NLOS,109.47,-5.65,-83.61,-55.83,15.95,26.93,0,10,-104.33,14,-104.63,7,-107.59,15,-110.04,8,-110.32,13,-111.44
7,5994.84,4429.50,10.50,0,11,0.07,NLOS,109.87,-5.65,-84.00,-56.22,15.53,26.93,0,10,-104.38,14,-104.44,7,-107.70,15,-109.93,8,-110.42,13,-111.45
8,6002.32,4429.50,10.50,0,11,0.07,NLOS,110.26,0.72,-90.76,-62.98,7.08,26.93,0,15,-98.69,14,-108.06,7,-111.42,13,-112.97,12,-113.95,4,-117.65
9,6009.80,4429.50,10.50,0,11,0.07,NLOS,110.64,0.72,-91.14,-63.36,6.59,26.93,0,15,-98.58,14,-107.87,7,-111.53,13,-112.98,12,-113.98,4,-117.72
10,6017.28,4429.50,10.50,0,11,0.07,NLOS,111.02,0.72,-91.52,-63.74,6.11,26.93,0,15,-98.47,14,-107.68,7,-111.65,13,-112.99,12,-114.01,4,-117.79
11,6024.76,4429.50,10.50,0,11,0.07,NLOS,111.39,0.72,-91.89,-64.11,5.64,26.93,0,15,-98.36,14,-107.49,7,-111.76,13,-113.00,12,-114.05,4,-117.86
12,6032.24,4429.50,10.50,0,11,0.06,NLOS,111.76,-0.63,-90.91,-63.13,4.81,26.93,0,14,-97.82,10,-102.71,15,-103.81,16,-109.91,5,-111.23,7,-114.80
13,6039.72,4429.50,10.50,0,11,0.06,NLOS,112.12,-0.63,-91.27,-63.49,4.33,26.93,0,14,-97.62,10,-102.77,15,-103.70,16,-109.88,5,-111.28,7,-114.91
14,6047.20,4429.50,10.50,0,11,0.06,NLOS,112.47,-0.63,-91.62,-63.84,3.85,26.93,0,14,-97.43,10,-102.83,15,-103.59,16,-109.86,5,-111.33,7,-115.02
15,6054.68,4429.50,10.50,0,11,0.06,NLOS,112.82,-0.63,-91.97,-64.19,3.37,26.93,0,14,-97.23,10,-102.89,15,-103.48,16,-109.83,5,-111.39,7,-115.14
16,6062.16,4429.50,10.50,0,11,0.06,NLOS,113.16,4.06,-97.00,-69.22,1.51,26.93,0,14,-101.69,15,-104.36,12,-106.75,7,-111.79,10,-112.40,0,-115.81
17,6069.64,4429.50,10.50,0,11,0.06,NLOS,113.50,4.06,-97.34,-69.56,1.06,26.93,0,14,-101.49,15,-104.25,12,-106.79,7,-111.90,10,-112.47,0,-115.86
18,6077.12,4429.50,10.50,0,11,0.05,NLOS,113.83,4.06,-97.67,-69.89,0.62,26.93,0,14,-101.29,15,-104.15,12,-106.82,7,-112.01,10,-112.53,0,-115.91
19,6084.60,4429.50,10.50,0,11,0.05,NLOS,114.16,4.06,-98.00,-70.22,0.17,26.93,0,14,-101.09,15,-104.04,12,-106.86,7,-112.12,10,-112.60,0,-115.95
20,6092.08,4429.50,10.50,0,11,0.05,NLOS,114.48,-7.72,-86.54,-58.76,15.21,26.93,0,14,-104.45,10,-109.06,15,-110.05,12,-112.56,3,-114.08,4,-115.61
21,6099.56,4429.50,10.50,0,11,0.05,NLOS,114.79,-7.72,-86.86,-59.08,14.79,26.93,0,14,-104.25,10,-109.13,15,-109.95,12,-112.60,3,-114.14,4,-115.67
22,6107.04,4429.50,10.50,0,11,0.05,NLOS,115.11,-7.72,-87.17,-59.39,14.36,26.93,0,14,-104.04,10,-109.20,15,-109.84,12,-112.64,3,-114.20,4,-115.74
23,6114.52,4429.50,10.50,0,11,0.05,NLOS,115.41,-7.72,-87.48,-59.69,13.94,26.93,0,14,-103.84,10,-109.26,15,-109.74,12,-112.68,3,-114.26,4,-115.81
24,6122.00,4429.50,10.50,0,14,0.04,NLOS,118.94,-2.43,-96.30,-68.51,-0.14,26.93,1,11,-100.44,8,-100.78,12,-103.96,15,-106.47,10,-113.85,16,-114.20
25,6129.48,4429.50,10.50,0,14,0.04,NLOS,118.74,-2.43,-96.09,-68.31,0.21,26.93,0,11,-100.74,8,-100.87,12,-104.01,15,-106.37,10,-113.92,16,-114.17
26,6136.96,4429.50,10.50,0,14,0.04,NLOS,118.53,-2.43,-95.88,-68.10,0.55,26.93,0,8,-100.96,11,-101.03,12,-104.05,15,-106.27,10,-114.00,16,-114.15
27,6144.44,4429.50,10.50,0,14,0.04,NLOS,118.32,-2.43,-95.67,-67.89,0.89,26.93,0,8,-101.05,11,-101.32,12,-104.09,15,-106.17,10,-114.07,16,-114.13
28,6151.92,4429.50,10.50,0,11,0.04,NLOS,116.88,-5.13,-91.54,-63.75,1.56,26.93,1,15,-94.65,14,-100.97,10,-103.65,8,-107.98,7,-111.60,0,-117.26
29,6159.40,4429.50,10.50,0,11,0.04,NLOS,117.16,-5.13,-91.82,-64.03,1.19,26.93,0,15,-94.56,14,-100.76,10,-103.72,8,-108.07,7,-111.70,0,-117.31
30,6166.88,4429.50,10.50,0,11,0.04,NLOS,117.44,-5.13,-92.09,-64.31,0.82,26.93,0,15,-94.46,14,-100.55,10,-103.80,8,-108.16,7,-111.80,0,-117.35
31,6174.36,4429.50,10.50,0,11,0.04,NLOS,117.71,-5.13,-92.36,-64.58,0.45,26.93,0,15,-94.36,14,-100.34,10,-103.87,8,-108.25,7,-111.90,0,-117.40
32,6181.84,4429.50,10.50,0,11,0.04,NLOS,117.98,-6.60,-91.15,-63.37,2.89,26.93,0,15,-94.51,14,-106.23,10,-109.03,16,-111.96,12,-116.24,13,-117.19
33,6189.32,4429.50,10.50,0,11,0.04,NLOS,118.24,-6.60,-91.42,-63.64,2.53,26.93,0,15,-94.42,14,-106.02,10,-109.11,16,-111.94,12,-116.28,13,-117.21
34,6196.80,4429.50,10.50,0,11,0.04,NLOS,118.50,-6.60,-91.68,-63.90,2.17,26.93,0,15,-94.32,14,-105.81,10,-109.19,16,-111.93,12,-116.33,13,-117.22
35,6204.28,4429.50,10.50,0,11,0.04,NLOS,118.76,-6.60,-91.94,-64.16,1.82,26.93,0,15,-94.23,14,-105.59,10,-109.27,16,-111.91,12,-116.38,13,-117.24
36,6211.76,4429.50,10.50,0,14,0.04,NLOS,116.39,-2.94,-93.24,-65.45,2.70,26.93,1,15,-98.23,11,-100.66,3,-109.12,12,-109.74,16,-110.37,4,-114.37
37,6219.24,4429.50,10.50,0,14,0.05,NLOS,116.18,-2.94,-93.02,-65.24,2.94,26.93,0,15,-98.14,11,-100.91,3,-109.17,12,-109.79,16,-110.35,4,-114.43
38,6226.72,4429.50,10.50,0,14,0.05,NLOS,115.97,-2.94,-92.81,-65.03,3.19,26.93,0,15,-98.06,11,-101.16,3,-109.23,12,-109.83,16,-110.34,4,-114.50
39,6234.20,4429.50,10.50,0,14,0.05,NLOS,115.75,-2.94,-92.59,-64.81,3.42,26.93,0,15,-97.97,11,-101.41,3,-109.29,12,-109.88,16,-110.32,4,-114.56
40,6241.68,4429.50,10.50,0,14,0.05,NLOS,115.54,2.63,-97.95,-70.17,1.46,26.93,0,11,-101.18,15,-105.13,10,-113.88,16,-114.76,9,-116.44,12,-118.85
41,6249.16,4429.50,10.50,0,14,0.05,NLOS,115.33,2.63,-97.74,-69.96,1.81,26.93,0,11,-101.42,15,-105.05,10,-113.96,16,-114.74,9,-116.49,12,-118.90
42,6256.64,4429.50,10.50,0,14,0.05,NLOS,115.12,2.63,-97.53,-69.74,2.16,26.93,0,11,-101.65,15,-104.97,10,-114.04,16,-114.73,9,-116.53,12,-118.95
43,6264.12,4429.50,10.50,0,14,0.05,NLOS,114.91,2.63,-97.32,-69.53,2.49,26.93,0,11,-101.88,15,-104.89,10,-114.12,16,-114.71,9,-116.57,12,-119.00
44,6258.40,4429.50,10.50,2,14,0.05,NLOS,115.07,0.64,-95.49,-67.71,1.28,26.93,0,15,-99.90,11,-100.46,7,-111.33,12,-111.55,16,-113.25,5,-115.52
45,6250.92,4429.50,10.50,2,14,0.05,NLOS,115.28,0.64,-95.70,-67.92,1.00,26.93,0,15,-99.98,11,-100.23,7,-111.23,12,-111.50,16,-113.27,5,-115.47
46,6243.44,4429.50,10.50,2,14,0.05,NLOS,115.49,0.64,-95.91,-68.13,0.71,26.93,0,11,-99.99,15,-100.06,7,-111.14,12,-111.45,16,-113.28,5,-115.42
47,6235.96,4429.50,10.50,2,14,0.05,NLOS,115.70,0.64,-96.12,-68.34,0.42,26.93,0,11,-99.75,15,-100.15,7,-111.04,12,-111.40,16,-113.30,5,-115.37
48,6228.48,4429.50,10.50,2,14,0.05,NLOS,115.92,1.16,-96.86,-69.08,-3.00,26.93,0,11,-94.22,10,-106.89,7,-112.33,15,-113.05,16,-115.12,13,-119.21
49,6221.00,4429.50,10.50,2,11,0.04,NLOS,119.32,-5.13,-93.97,-66.19,2.43,26.93,1,14,-97.07,10,-106.81,7,-112.23,15,-113.14,16,-115.13,13,-119.19
50,6213.52,4429.50,10.50,2,11,0.04,NLOS,119.07,-5.13,-93.72,-65.94,2.85,26.93,0,14,-97.29,10,-106.74,7,-112.13,15,-113.22,16,-115.15,13,-119.17
51,6206.04,4429.50,10.50,2,11,0.04,NLOS,118.82,-5.13,-93.47,-65.69,3.28,26.93,0,14,-97.50,10,-106.66,7,-112.03,15,-113.31,16,-115.17,13,-119.16
52,6198.56,4429.50,10.50,2,11,0.04,NLOS,118.56,-5.54,-92.81,-65.03,2.79,26.93,0,14,-96.87,8,-105.11,15,-106.15,10,-110.06,12,-114.09,5,-116.41
53,6191.08,4429.50,10.50,2,11,0.04,NLOS,118.30,-5.54,-92.55,-64.77,3.21,26.93,0,14,-97.08,8,-105.02,15,-106.24,10,-109.98,12,-114.04,5,-116.36
54,6183.60,4429.50,10.50,2,11,0.04,NLOS,118.04,-5.54,-92.29,-64.50,3.62,26.93,0,14,-97.30,8,-104.93,15,-106.34,10,-109.91,12,-113.99,5,-116.31
55,6176.12,4429.50,10.50,2,11,0.04,NLOS,117.77,-5.54,-92.02,-64.24,4.04,26.93,0,14,-97.51,8,-104.85,15,-106.43,10,-109.83,12,-113.95,5,-116.25
56,6168.64,4429.50,10.50,2,14,0.04,NLOS,117.63,1.16,-98.57,-70.79,-2.00,26.93,1,15,-99.21,10,-104.90,12,-105.44,11,-105.83,7,-109.34,4,-110.76
57,6161.16,4429.50,10.50,2,14,0.04,NLOS,117.84,1.16,-98.79,-71.01,-2.22,26.93,0,15,-99.31,10,-104.83,12,-105.39,11,-105.55,7,-109.24,4,-110.70
58,6153.68,4429.50,10.50,2,14,0.04,NLOS,118.05,1.16,-99.00,-71.22,-2.44,26.93,0,15,-99.41,10,-104.76,11,-105.27,12,-105.35,7,-109.14,4,-110.63
59,6146.20,4429.50,10.50,2,14,0.04,NLOS,118.27,1.16,-99.21,-71.43,-2.66,26.93,0,15,-99.51,10,-104.68,11,-104.99,12,-105.30,7,-109.04,4,-110.56
60,6138.72,4429.50,10.50,2,14,0.04,NLOS,118.48,-8.27,-89.99,-62.21,8.36,26.93,0,11,-100.52,15,-105.28,10,-107.87,13,-112.18,7,-112.28,12,-113.29
61,6135.00,4433.26,10.50,1,14,0.04,NLOS,118.67,-8.27,-90.18,-62.40,8.04,26.93,0,11,-100.32,15,-105.25,10,-107.91,13,-112.14,7,-112.24,12,-113.22
62,6135.00,4440.74,10.50,1,14,0.04,NLOS,118.84,-8.27,-90.35,-62.57,7.79,26.93,0,11,-100.22,15,-105.09,10,-108.04,13,-112.08,7,-112.27,12,-113.11
63,6135.00,4448.22,10.50,1,14,0.04,NLOS,119.01,-8.27,-90.52,-62.74,7.54,26.93,0,11,-100.13,15,-104.93,10,-108.18,13,-112.01,7,-112.30,12,-112.99
64,6135.00,4455.70,10.50,1,11,0.05,NLOS,115.89,-8.52,-87.15,-59.37,6.12,26.93,1,14,-93.68,8,-108.62,15,-109.35,10,-109.82,3,-112.67,7,-113.18
65,6135.00,4463.18,10.50,1,11,0.05,NLOS,115.81,-8.52,-87.07,-59.29,6.36,26.93,0,14,-93.85,8,-108.57,15,-109.19,10,-109.96,3,-112.69,7,-113.21
66,6135.00,4470.66,10.50,1,11,0.05,NLOS,115.73,-8.52,-86.99,-59.21,6.59,26.93,0,14,-94.02,8,-108.53,15,-109.03,10,-110.09,3,-112.71,7,-113.24
67,6135.00,4478.14,10.50,1,11,0.05,NLOS,115.65,-8.52,-86.91,-59.13,6.82,26.93,0,14,-94.20,8,-108.49,15,-108.86,10,-110.22,3,-112.74,7,-113.28
68,6135.00,4485.62,10.50,1,11,0.05,NLOS,115.58,-4.63,-90.73,-62.95,1.69,26.93,0,15,-95.12,14,-97.01,10,-102.91,5,-107.37,12,-111.46,7,-114.29
69,6135.00,4493.10,10.50,1,11,0.05,NLOS,115.52,-4.63,-90.67,-62.89,1.73,26.93,0,15,-94.95,14,-97.18,10,-103.04,5,-107.35,12,-111.34,7,-114.32
70,6135.00,4500.58,10.50,1,11,0.05,NLOS,115.46,-4.63,-90.61,-62.83,1.76,26.93,0,15,-94.79,14,-97.35,10,-103.17,5,-107.32,12,-111.23,7,-114.35
71,6135.00,4508.06,10.50,1,11,0.05,NLOS,115.41,-4.63,-90.56,-62.78,1.78,26.93,0,15,-94.62,14,-97.53,10,-103.30,5,-107.29,12,-111.11,7,-114.38
72,6135.00,4515.54,10.50,1,11,0.05,NLOS,115.36,-8.14,-87.00,-59.22,4.13,26.93,0,14,-93.53,15,-95.68,8,-104.63,9,-108.82,13,-108.96,12,-110.02
73,6135.00,4523.02,10.50,1,11,0.05,NLOS,115.32,-8.14,-86.96,-59.18,4.21,26.93,0,14,-93.70,15,-95.51,8,-104.59,9,-108.77,13,-108.89,12,-109.90
74,6135.00,4530.50,10.50,1,11,0.05,NLOS,115.29,-8.14,-86.93,-59.15,4.27,26.93,0,14,-93.88,15,-95.34,8,-104.55,9,-108.71,13,-108.82,12,-109.78
75,6135.00,4537.98,10.50,1,11,0.05,NLOS,115.26,-8.14,-86.90,-59.12,4.32,26.93,0,14,-94.05,15,-95.17,8,-104.51,9,-108.66,13,-108.76,12,-109.66
76,6135.00,4545.46,10.50,1,11,0.05,NLOS,115.24,-3.03,-91.99,-64.21,7.56,26.93,0,14,-102.50,10,-105.33,7,-107.66,4,-113.24,9,-113.49,15,-113.81
77,6135.00,4552.94,10.50,1,11,0.05,NLOS,115.22,-3.03,-91.98,-64.19,7.69,26.93,0,14,-102.68,10,-105.46,7,-107.69,4,-113.24,9,-113.43,15,-113.64
78,6135.00,4560.42,10.50,1,11,0.05,NLOS,115.21,-3.03,-91.97,-64.19,7.82,26.93,0,14,-102.85,10,-105.58,7,-107.73,4,-113.24,9,-113.38,15,-113.47
79,6135.00,4567.90,10.50,1,11,0.05,NLOS,115.21,-3.03,-91.96,-64.18,7.93,26.93,0,14,-103.02,10,-105.70,7,-107.77,4,-113.24,15,-113.30,9,-113.32
80,6135.00,4575.38,10.50,1,11,0.05,NLOS,115.22,-7.07,-87.93,-60.15,8.77,26.93,0,15,-101.48,14,-101.61,10,-102.92,12,-108.02,8,-112.42,13,-115.28
81,6135.00,4582.86,10.50,1,11,0.05,NLOS,115.23,-7.07,-87.94,-60.16,8.78,26.93,0,15,-101.30,14,-101.78,10,-103.04,12,-107.90,8,-112.39,13,-115.21
82,6135.00,4590.34,10.50,1,11,0.05,NLOS,115.24,-7.07,-87.96,-60.17,8.77,26.93,0,15,-101.13,14,-101.95,10,-103.17,12,-107.77,8,-112.35,16,-115.13
83,6135.00,4597.82,10.50,1,11,0.05,NLOS,115.27,-7.07,-87.98,-60.20,8.75,26.93,0,15,-100.96,14,-102.12,10,-103.28,12,-107.65,8,-112.31,16,-115.03
84,6135.00,4605.30,10.50,1,11,0.05,NLOS,115.30,-0.43,-94.65,-66.87,0.50,26.93,0,15,-96.17,14,-103.13,12,-111.64,8,-113.66,16,-114.69,10,-116.62
85,6135.00,4612.78,10.50,1,11,0.05,NLOS,115.33,-0.43,-94.68,-66.90,0.35,26.93,0,15,-96.00,14,-103.30,12,-111.52,8,-113.63,16,-114.59,10,-116.74
86,6135.00,4620.26,10.50,1,11,0.05,NLOS,115.37,-0.43,-94.73,-66.94,0.19,26.93,0,15,-95.83,14,-103.47,12,-111.39,8,-113.59,16,-114.50,10,-116.85
87,6135.00,4627.74,10.50,1,11,0.05,NLOS,115.42,-0.43,-94.77,-66.99,0.02,26.93,0,15,-95.65,14,-103.63,12,-111.26,8,-113.56,16,-114.41,10,-116.97
88,6135.00,4629.50,10.50,0,11,0.05,NLOS,115.43,-0.43,-94.79,-67.00,-0.02,0.00,0,15,-95.61,14,-103.67,12,-111.23,8,-113.55,16,-114.38,10,-117.00
89,6135.00,4629.50,10.50,0,11,0.05,NLOS,115.43,-0.43,-94.79,-67.00,-0.02,0.00,0,15,-95.61,14,-103.67,12,-111.23,8,-113.55,16,-114.38,10,-117.00
90,6135.00,4629.50,10.50,0,11,0.05,NLOS,115.43,-0.43,-94.79,-67.00,-0.02,0.00,0,15,-95.61,14,-103.67,12,-111.23,8,-113.55,16,-114.38,10,-117.00
91,6135.00,4629.50,10.50,0,11,0.05,NLOS,115.43,-0.43,-94.79,-67.00,-0.02,0.00,0,15,-95.61,14,-103.67,12,-111.23,8,-113.55,16,-114.38,10,-117.00
92,6135.00,4629.50,10.50,0,11,0.05,NLOS,115.43,-0.43,-94.79,-67.00,-0.02,0.00,0,15,-95.61,14,-103.67,12,-111.23,8,-113.55,16,-114.38,10,-117.00
93,6135.00,4629.50,10.50,0,11,0.05,NLOS,115.43,-0.43,-94.79,-67.00,-0.02,0.00,0,15,-95.61,14,-103.67,12,-111.23,8,-113.55,16,-114.38,10,-117.00
94,6135.00,4629.50,10.50,0,11,0.05,NLOS,115.43,-0.43,-94.79,-67.00,-0.02,0.00,0,15,-95.61,14,-103.67,12,-111.23,8,-113.55,16,-114.38,10,-117.00
95,6135.00,4629.50,10.50,0,11,0.05,NLOS,115.43,-0.43,-94.79,-67.00,-0.02,0.00,0,15,-95.61,14,-103.67,12,-111.23,8,-113.55,16,-114.38,10,-117.00
96,6135.00,4629.50,10.50,0,11,0.05,NLOS,115.43,-0.43,-94.79,-67.00,-0.02,0.00,0,15,-95.61,14,-103.67,12,-111.23,8,-113.55,16,-114.38,10,-117.00
97,6135.00,4629.50,10.50,0,11,0.05,NLOS,115.43,-0.43,-94.79,-67.00,-0.02,0.00,0,15,-95.61,14,-103.67,12,-111.23,8,-113.55,16,-114.38,10,-117.00
98,6138.74,4629.50,10.50,0,11,0.05,NLOS,115.59,1.42,-96.79,-69.01,0.70,13.46,0,12,-100.25,14,-104.35,10,-106.61,15,-107.38,7,-112.27,5,-116.15
99,6146.22,4629.50,10.50,0,11,0.05,NLOS,115.91,1.42,-97.11,-69.33,0.38,26.93,0,12,-100.31,14,-104.23,10,-106.66,15,-107.21,7,-112.36,5,-116.21
100,6153.70,4629.50,10.50,0,11,0.05,NLOS,116.22,1.42,-97.42,-69.64,0.07,26.93,0,12,-100.37,14,-104.11,10,-106.71,15,-107.04,7,-112.46,5,-116.27
101,6161.18,4629.50,10.50,0,11,0.04,NLOS,116.52,1.42,-97.72,-69.94,-0.24,26.93,0,12,-100.43,14,-103.99,10,-106.76,15,-106.86,7,-112.55,5,-116.32
102,6168.66,4629.50,10.50,0,11,0.04,NLOS,116.82,1.97,-98.57,-70.79,4.01,26.93,0,9,-103.13,16,-104.92,15,-105.32,8,-108.64,14,-110.56,10,-116.76
103,6176.14,4629.50,10.50,0,11,0.04,NLOS,117.11,1.97,-98.87,-71.09,3.63,26.93,0,9,-103.18,16,-104.89,15,-105.15,8,-108.74,14,-110.44,10,-116.81
104,6183.62,4629.50,10.50,0,11,0.04,NLOS,117.40,1.97,-99.16,-71.38,3.26,26.93,0,9,-103.23,16,-104.86,15,-104.98,8,-108.83,14,-110.33,10,-116.86
105,6191.10,4629.50,10.50,0,11,0.04,NLOS,117.69,1.97,-99.44,-71.66,2.88,26.93,0,9,-103.28,15,-104.81,16,-104.84,8,-108.93,14,-110.21,10,-116.92
106,6198.58,4629.50,10.50,0,15,0.04,NLOS,118.87,-12.09,-86.55,-58.77,3.48,26.93,1,11,-90.50,14,-101.16,12,-107.36,9,-111.10,8,-114.83,16,-118.42
107,6206.06,4629.50,10.50,0,15,0.04,NLOS,118.70,-12.09,-86.39,-58.61,3.88,26.93,0,11,-90.78,14,-101.05,12,-107.43,9,-111.16,8,-114.93,16,-118.39
108,6213.54,4629.50,10.50,0,15,0.04,NLOS,118.53,-12.09,-86.22,-58.44,4.28,26.93,0,11,-91.05,14,-100.94,12,-107.50,9,-111.21,8,-115.02,16,-118.37
109,6221.02,4629.50,10.50,0,15,0.04,NLOS,118.37,-12.09,-86.06,-58.27,4.67,26.93,0,11,-91.31,14,-100.83,12,-107.57,9,-111.26,8,-115.12,16,-118.35
110,6228.50,4629.50,10.50,0,11,0.04,NLOS,119.04,-8.32,-90.50,-62.72,11.40,26.93,1,15,-105.59,8,-107.08,14,-110.76,12,-112.97,16,-116.14,3,-116.49
111,6235.98,4629.50,10.50,0,11,0.04,NLOS,119.30,-8.32,-90.76,-62.98,11.10,26.93,0,15,-105.43,8,-107.18,14,-110.66,12,-113.04,16,-116.12,3,-116.54
112,6243.46,4629.50,10.50,0,11,0.04,NLOS,119.56,-8.32,-91.02,-63.24,10.79,26.93,0,15,-105.27,8,-107.27,14,-110.55,12,-113.11,16,-116.10,3,-116.59
113,6250.94,4629.50,10.50,0,11,0.04,NLOS,119.81,-8.32,-91.27,-63.49,10.49,26.93,0,15,-105.11,8,-107.36,14,-110.45,12,-113.18,16,-116.08,3,-116.65
114,6258.42,4629.50,10.50,0,14,0.03,NLOS,121.30,-8.32,-92.76,-64.98,-0.70,26.93,1,15,-93.13,11,-102.00,10,-104.59,12,-106.15,7,-109.12,13,-114.08
115,6265.00,4628.60,10.50,3,14,0.03,NLOS,121.19,-8.32,-92.65,-64.86,-0.65,26.93,0,15,-93.02,11,-102.21,10,-104.62,12,-106.22,7,-109.19,13,-114.11
116,6265.00,4621.12,10.50,3,14,0.03,NLOS,120.98,-8.32,-92.43,-64.65,-0.25,26.93,0,15,-93.26,11,-102.18,10,-104.52,12,-106.33,7,-109.16,13,-114.18
117,6265.00,4613.64,10.50,3,14,0.03,NLOS,120.76,-8.32,-92.22,-64.44,0.14,26.93,0,15,-93.51,11,-102.16,10,-104.41,12,-106.45,7,-109.13,13,-114.25
118,6265.00,4606.16,10.50,3,15,0.04,NLOS,118.18,-13.35,-84.61,-56.83,12.94,26.93,1,14,-100.44,11,-101.47,13,-105.40,12,-110.57,10,-114.63,3,-115.47
119,6265.00,4598.68,10.50,3,15,0.04,NLOS,118.42,-13.35,-84.85,-57.07,12.59,26.93,0,14,-100.22,11,-101.45,13,-105.47,12,-110.68,10,-114.52,3,-115.44
120,6265.00,4591.20,10.50,3,15,0.04,NLOS,118.65,-13.35,-85.08,-57.30,12.23,26.93,0,14,-100.01,11,-101.43,13,-105.54,12,-110.79,10,-114.41,3,-115.42
121,6265.00,4583.72,10.50,3,15,0.04,NLOS,118.88,-13.35,-85.32,-57.53,11.88,26.93,0,14,-99.79,11,-101.43,13,-105.61,12,-110.90,10,-114.31,3,-115.40
122,6265.00,4576.24,10.50,3,15,0.04,NLOS,119.11,-5.53,-93.36,-65.58,1.85,26.93,0,11,-98.19,14,-98.66,13,-108.79,4,-110.54,7,-111.96,12,-113.58
123,6265.00,4568.76,10.50,3,15,0.04,NLOS,119.34,-5.53,-93.59,-65.81,1.52,26.93,0,11,-98.19,14,-98.43,13,-108.86,4,-110.54,7,-111.93,12,-113.69
124,6265.00,4561.28,10.50,3,15,0.04,NLOS,119.57,-5.53,-93.82,-66.04,1.19,26.93,0,11,-98.19,14,-98.21,13,-108.93,4,-110.54,7,-111.90,12,-113.80
125,6265.00,4553.80,10.50,3,15,0.04,NLOS,119.79,-5.53,-94.04,-66.26,0.86,26.93,0,14,-97.98,11,-98.20,13,-108.99,4,-110.54,7,-111.87,12,-113.91
126,6265.00,4546.32,10.50,3,11,0.04,NLOS,120.16,-10.32,-89.62,-61.84,11.58,26.93,1,14,-104.39,13,-105.11,10,-108.45,15,-108.62,12,-111.59,8,-114.01
127,6265.00,4538.84,10.50,3,11,0.04,NLOS,120.17,-10.32,-89.63,-61.85,11.48,26.93,0,14,-104.16,13,-105.17,10,-108.34,15,-108.84,12,-111.70,8,-114.04
128,6265.00,4531.36,10.50,3,11,0.04,NLOS,120.19,-10.32,-89.65,-61.86,11.37,26.93,0,14,-103.92,13,-105.24,10,-108.23,15,-109.06,12,-111.80,8,-114.07
129,6265.00,4523.88,10.50,3,11,0.04,NLOS,120.20,-10.32,-89.66,-61.88,11.25,26.93,0,14,-103.68,13,-105.31,10,-108.12,15,-109.27,12,-111.91,8,-114.10
130,6265.00,4516.40,10.50,3,11,0.04,NLOS,120.23,-8.32,-91.69,-63.91,5.52,26.93,0,15,-98.65,14,-105.02,13,-110.69,10,-110.93,12,-111.00,8,-114.54
131,6265.00,4508.92,10.50,3,11,0.03,NLOS,120.25,-8.32,-91.72,-63.94,5.60,26.93,0,15,-98.86,14,-104.78,13,-110.76,10,-110.82,12,-111.10,8,-114.57
132,6265.00,4501.44,10.50,3,11,0.03,NLOS,120.28,-8.32,-91.75,-63.97,5.67,26.93,0,15,-99.07,14,-104.53,10,-110.70,13,-110.82,12,-111.20,8,-114.61
133,6265.00,4493.96,10.50,3,11,0.03,NLOS,120.31,-8.32,-91.78,-64.00,5.72,26.93,0,15,-99.28,14,-104.29,10,-110.59,13,-110.89,12,-111.31,8,-114.64
134,6265.00,4486.48,10.50,3,11,0.03,NLOS,120.35,-4.47,-95.66,-67.87,-2.90,26.93,0,14,-94.30,15,-99.25,10,-105.30,12,-112.13,7,-115.54,5,-119.63
135,6265.00,4479.00,10.50,3,11,0.03,NLOS,120.39,-4.47,-95.70,-67.91,-3.08,26.93,0,14,-94.05,15,-99.45,10,-105.18,12,-112.23,7,-115.51,5,-119.65
136,6265.00,4471.52,10.50,3,11,0.03,NLOS,120.43,-4.47,-95.74,-67.96,-3.27,26.93,0,14,-93.79,15,-99.66,10,-105.07,12,-112.33,7,-115.49,5,-119.68
137,6265.00,4464.04,10.50,3,11,0.03,NLOS,120.48,-4.47,-95.78,-68.00,-3.47,26.93,0,14,-93.54,15,-99.86,10,-104.96,12,-112.44,7,-115.46,5,-119.70
138,6265.00,4456.56,10.50,3,14,0.05,NLOS,115.82,-8.85,-86.76,-58.98,10.04,26.93,1,11,-97.94,15,-106.37,7,-110.13,8,-110.73,10,-113.72,12,-116.31
139,6265.00,4449.08,10.50,3,14,0.05,NLOS,115.56,-8.85,-86.50,-58.72,10.36,26.93,0,11,-97.99,15,-106.57,7,-110.11,8,-110.77,10,-113.60,12,-116.41
140,6265.00,4441.60,10.50,3,14,0.05,NLOS,115.31,-8.85,-86.24,-58.46,10.68,26.93,0,11,-98.04,15,-106.76,7,-110.08,8,-110.80,10,-113.48,12,-116.51
141,6265.00,4434.12,10.50,3,14,0.05,NLOS,115.04,-8.85,-85.98,-58.20,11.00,26.93,0,11,-98.10,15,-106.95,7,-110.06,8,-110.84,10,-113.37,12,-116.61
142,6265.00,4432.36,10.50,1,14,0.05,NLOS,114.98,-8.85,-85.92,-58.14,11.08,26.93,0,11,-98.12,15,-107.00,7,-110.06,8,-110.85,10,-113.34,12,-116.63
143,6265.00,4439.84,10.50,1,11,0.03,NLOS,120.65,-4.36,-96.07,-68.28,-1.54,26.93,1,15,-96.79,14,-100.22,10,-104.17,7,-112.77,16,-114.07,4,-115.37
144,6265.00,4447.32,10.50,1,11,0.03,NLOS,120.59,-4.36,-96.01,-68.23,-1.52,26.93,0,15,-96.60,14,-100.48,10,-104.28,7,-112.80,16,-113.99,4,-115.36
145,6265.00,4454.80,10.50,1,11,0.03,NLOS,120.54,-4.36,-95.96,-68.18,-1.51,26.93,0,15,-96.40,14,-100.74,10,-104.40,7,-112.82,16,-113.90,4,-115.36
146,6265.00,4462.28,10.50,1,11,0.03,NLOS,120.49,-4.36,-95.91,-68.13,-1.52,26.93,0,15,-96.21,14,-100.99,10,-104.51,7,-112.84,16,-113.81,4,-115.35
147,6265.00,4469.76,10.50,1,14,0.05,NLOS,116.27,-6.73,-89.33,-61.55,3.80,26.93,1,15,-95.26,11,-97.80,10,-109.86,12,-112.66,8,-114.04,16,-114.22
148,6265.00,4477.24,10.50,1,14,0.04,NLOS,116.53,-6.73,-89.58,-61.80,3.41,26.93,0,15,-95.06,11,-97.76,10,-109.97,12,-112.56,8,-114.01,16,-114.13
149,6265.00,4484.72,10.50,1,14,0.04,NLOS,116.78,-6.73,-89.83,-62.05,3.02,26.93,0,15,-94.86,11,-97.72,10,-110.09,12,-112.46,8,-113.97,16,-114.04
150,6265.00,4492.20,10.50,1,14,0.04,NLOS,117.02,-6.73,-90.08,-62.30,2.63,26.93,0,15,-94.65,11,-97.68,10,-110.20,12,-112.36,8,-113.94,16,-113.95
151,6265.00,4499.68,10.50,1,14,0.04,NLOS,117.27,-0.22,-96.83,-69.05,-3.31,26.93,0,15,-95.90,11,-99.60,10,-102.54,12,-108.56,8,-112.20,16,-113.11
152,6265.00,4507.16,10.50,1,14,0.04,NLOS,117.51,-0.22,-97.08,-69.30,-3.67,26.93,0,15,-95.70,11,-99.57,10,-102.65,12,-108.46,8,-112.17,16,-113.02
153,6265.00,4514.64,10.50,1,14,0.04,NLOS,117.76,-0.22,-97.32,-69.54,-4.04,26.93,0,15,-95.49,11,-99.54,10,-102.76,12,-108.36,8,-112.13,16,-112.93
154,6265.00,4522.12,10.50,1,14,0.04,NLOS,118.00,-0.22,-97.56,-69.78,-4.40,26.93,0,15,-95.27,11,-99.52,10,-102.87,12,-108.25,8,-112.10,16,-112.84
155,6265.00,4529.60,10.50,1,14,0.04,NLOS,118.24,-5.86,-92.16,-64.38,4.29,26.93,0,16,-98.36,11,-99.34,15,-101.96,12,-104.65,10,-112.84,8,-114.14
156,6265.00,4537.08,10.50,1,14,0.04,NLOS,118.47,-5.86,-92.39,-64.61,3.97,26.93,0,16,-98.27,11,-99.33,15,-101.74,12,-104.54,10,-112.95,8,-114.11
157,6265.00,4544.56,10.50,1,14,0.04,NLOS,118.71,-5.86,-92.63,-64.85,3.65,26.93,0,16,-98.18,11,-99.32,15,-101.53,12,-104.44,10,-113.06,8,-114.07
158,6265.00,4552.04,10.50,1,14,0.04,NLOS,118.94,-5.86,-92.86,-65.08,3.33,26.93,0,16,-98.08,11,-99.31,15,-101.30,12,-104.33,10,-113.17,8,-114.04
159,6265.00,4559.52,10.50,1,14,0.04,NLOS,119.17,-1.95,-97.00,-69.22,-3.84,26.93,0,12,-96.05,11,-98.29,15,-104.69,8,-105.96,10,-106.94,7,-111.74
160,6265.00,4567.00,10.50,1,14,0.04,NLOS,119.39,-1.95,-97.22,-69.44,-4.14,26.93,0,12,-95.94,11,-98.29,15,-104.46,8,-105.93,10,-107.05,7,-111.77
161,6265.00,4574.48,10.50,1,14,0.04,NLOS,119.62,-1.95,-97.45,-69.67,-4.43,26.93,0,12,-95.83,11,-98.29,15,-104.24,8,-105.90,10,-107.16,7,-111.80
162,6265.00,4581.96,10.50,1,14,0.04,NLOS,119.84,-1.95,-97.67,-69.89,-4.72,26.93,0,12,-95.73,11,-98.30,15,-104.01,8,-105.87,10,-107.27,16,-111.76
163,6265.00,4589.44,10.50,1,14,0.04,NLOS,120.06,1.43,-101.27,-73.49,-5.28,26.93,0,12,-98.34,10,-104.04,15,-104.60,11,-105.86,9,-111.70,3,-114.05
164,6265.00,4596.92,10.50,1,12,0.02,NLOS,131.09,-12.64,-98.23,-70.45,2.93,26.93,1,14,-101.49,10,-104.15,15,-104.37,11,-105.88,9,-111.65,3,-114.07
165,6265.00,4604.40,10.50,1,12,0.02,NLOS,130.98,-12.64,-98.12,-70.34,2.92,26.93,0,14,-101.71,15,-104.13,10,-104.26,11,-105.89,9,-111.60,3,-114.10
166,6265.00,4611.88,10.50,1,12,0.02,NLOS,130.87,-12.64,-98.01,-70.23,2.91,26.93,0,14,-101.92,15,-103.90,10,-104.36,11,-105.91,9,-111.55,3,-114.12
167,6265.00,4619.36,10.50,1,15,0.04,NLOS,117.76,-8.43,-89.11,-61.33,6.98,26.93,1,11,-98.24,14,-100.70,5,-111.79,12,-114.50,16,-115.23,8,-115.45
168,6265.00,4626.84,10.50,1,15,0.04,NLOS,117.51,-8.43,-88.87,-61.09,7.30,26.93,0,11,-98.26,14,-100.91,5,-111.77,12,-114.39,16,-115.13,8,-115.42
169,6265.00,4629.50,10.50,3,15,0.04,NLOS,117.43,-8.43,-88.78,-61.00,7.42,0.00,0,11,-98.28,14,-100.98,5,-111.76,12,-114.35,16,-115.09,8,-115.41
170,6265.00,4629.50,10.50,3,15,0.04,NLOS,117.43,-8.43,-88.78,-61.00,7.42,0.00,0,11,-98.28,14,-100.98,5,-111.76,12,-114.35,16,-115.09,8,-115.41
171,6265.00,4629.50,10.50,3,15,0.04,NLOS,117.43,-8.43,-88.78,-61.00,7.42,0.00,0,11,-98.28,14,-100.98,5,-111.76,12,-114.35,16,-115.09,8,-115.41
172,6265.00,4629.50,10.50,3,15,0.04,NLOS,117.43,-8.43,-88.78,-61.00,7.42,0.00,0,11,-98.28,14,-100.98,5,-111.76,12,-114.35,16,-115.09,8,-115.41
173,6265.00,4629.50,10.50,3,15,0.04,NLOS,117.43,-8.43,-88.78,-61.00,7.42,0.00,0,11,-98.28,14,-100.98,5,-111.76,12,-114.35,16,-115.09,8,-115.41
174,6265.00,4629.50,10.50,3,15,0.04,NLOS,117.43,-8.43,-88.78,-61.00,7.42,0.00,0,11,-98.28,14,-100.98,5,-111.76,12,-114.35,16,-115.09,8,-115.41
175,6265.00,4629.50,10.50,3,15,0.04,NLOS,117.43,-8.43,-88.78,-61.00,7.42,0.00,0,11,-98.28,14,-100.98,5,-111.76,12,-114.35,16,-115.09,8,-115.41
176,6265.00,4629.50,10.50,3,15,0.04,NLOS,117.43,-8.43,-88.78,-61.00,7.42,0.00,0,11,-98.28,14,-100.98,5,-111.76,12,-114.35,16,-115.09,8,-115.41
177,6265.00,4629.50,10.50,3,15,0.04,NLOS,117.43,-8.43,-88.78,-61.00,7.42,0.00,0,11,-98.28,14,-100.98,5,-111.76,12,-114.35,16,-115.09,8,-115.41
178,6265.00,4629.50,10.50,3,15,0.04,NLOS,117.43,-8.43,-88.78,-61.00,7.42,0.00,0,11,-98.28,14,-100.98,5,-111.76,12,-114.35,16,-115.09,8,-115.41
179,6265.00,4625.76,10.50,3,15,0.04,NLOS,117.55,-8.43,-88.90,-61.12,7.26,13.46,0,11,-98.26,14,-100.88,5,-111.77,12,-114.40,16,-115.14,8,-115.43
180,6265.00,4618.28,10.50,3,15,0.04,NLOS,117.79,-8.43,-89.15,-61.36,6.93,26.93,0,11,-98.23,14,-100.67,5,-111.80,12,-114.52,16,-115.24,8,-115.45
181,6265.00,4610.80,10.50,3,11,0.04,NLOS,120.21,-6.49,-93.49,-65.71,2.20,26.93,1,12,-99.40,15,-100.29,14,-105.12,7,-107.01,10,-111.03,4,-115.44
182,6265.00,4603.32,10.50,3,11,0.04,NLOS,120.19,-6.49,-93.48,-65.69,2.32,26.93,0,12,-99.51,15,-100.52,14,-104.90,7,-106.98,10,-110.92,4,-115.43
183,6265.00,4595.84,10.50,3,11,0.04,NLOS,120.17,-6.49,-93.46,-65.68,2.43,26.93,0,12,-99.62,15,-100.76,14,-104.68,7,-106.94,10,-110.82,4,-115.43
184,6265.00,4588.36,10.50,3,11,0.04,NLOS,120.16,-6.49,-93.45,-65.67,2.52,26.93,0,12,-99.73,15,-100.99,14,-104.46,7,-106.91,10,-110.71,4,-115.43
185,6265.00,4580.88,10.50,3,11,0.04,NLOS,120.15,-10.23,-89.70,-61.92,4.58,26.93,0,14,-96.45,15,-99.81,12,-105.50,10,-110.60,8,-116.11,7,-117.20
186,6265.00,4573.40,10.50,3,11,0.04,NLOS,120.15,-10.23,-89.70,-61.91,4.52,26.93,0,14,-96.22,15,-100.04,12,-105.61,10,-110.50,8,-116.14,7,-117.17
187,6265.00,4565.92,10.50,3,11,0.04,NLOS,120.14,-10.23,-89.69,-61.91,4.44,26.93,0,14,-96.00,15,-100.27,12,-105.71,10,-110.39,8,-116.17,7,-117.14
188,6265.00,4558.44,10.50,3,11,0.04,NLOS,120.15,-10.23,-89.70,-61.91,4.34,26.93,0,14,-95.77,15,-100.49,12,-105.82,10,-110.28,8,-116.20,7,-117.11
189,6265.00,4550.96,10.50,3,14,0.04,NLOS,118.90,-7.85,-90.83,-63.05,11.00,26.93,1,15,-104.71,11,-108.40,12,-112.10,10,-112.44,8,-113.57,16,-115.87
190,6265.00,4543.48,10.50,3,14,0.04,NLOS,118.67,-7.85,-90.60,-62.82,11.35,26.93,0,15,-104.93,11,-108.41,12,-112.20,10,-112.33,8,-113.61,16,-115.96
191,6265.00,4536.00,10.50,3,14,0.04,NLOS,118.44,-7.85,-90.37,-62.58,11.69,26.93,0,15,-105.15,11,-108.43,10,-112.22,12,-112.31,8,-113.64,16,-116.06
192,6265.00,4528.52,10.50,3,14,0.04,NLOS,118.20,-7.85,-90.13,-62.35,12.04,26.93,0,15,-105.37,11,-108.44,10,-112.11,12,-112.42,8,-113.67,16,-116.15
193,6265.00,4521.04,10.50,3,14,0.04,NLOS,117.96,-8.39,-89.36,-61.57,7.75,26.93,0,15,-97.93,10,-106.15,16,-107.22,11,-114.26,12,-114.67,5,-117.52
194,6265.00,4513.56,10.50,3,14,0.04,NLOS,117.72,-8.39,-89.12,-61.33,8.15,26.93,0,15,-98.15,10,-106.04,16,-107.31,11,-114.28,12,-114.78,5,-117.55
195,6265.00,4506.08,10.50,3,14,0.04,NLOS,117.48,-8.39,-88.87,-61.09,8.55,26.93,0,15,-98.36,10,-105.92,16,-107.40,11,-114.31,12,-114.88,5,-117.57
196,6265.00,4498.60,10.50,3,14,0.04,NLOS,117.24,-8.39,-88.63,-60.85,8.95,26.93,0,15,-98.56,10,-105.81,16,-107.49,11,-114.34,12,-114.99,5,-117.60
197,6265.00,4491.12,10.50,3,14,0.04,NLOS,116.99,-6.56,-90.21,-62.42,4.88,26.93,0,10,-97.56,11,-101.85,15,-103.92,7,-106.19,12,-114.45,1,-117.71
198,6265.00,4483.64,10.50,3,14,0.04,NLOS,116.74,-6.56,-89.96,-62.17,5.10,26.93,0,10,-97.45,11,-101.88,15,-104.12,7,-106.16,12,-114.55,1,-117.72
199,6265.00,4476.16,10.50,3,14,0.04,NLOS,116.49,-6.56,-89.71,-61.92,5.31,26.93,0,10,-97.33,11,-101.92,15,-104.32,7,-106.13,12,-114.66,1,-117.73
200,6265.00,4468.68,10.50,3,14,0.05,NLOS,116.24,-6.56,-89.45,-61.67,5.53,26.93,0,10,-97.22,11,-101.97,15,-104.53,7,-106.11,12,-114.76,1,-117.74
201,6265.00,4461.20,10.50,3,14,0.05,NLOS,115.98,0.88,-96.64,-68.86,-4.19,26.93,0,11,-94.40,10,-99.76,15,-102.00,12,-104.71,7,-115.66,8,-120.47
202,6265.00,4453.72,10.50,3,14,0.05,NLOS,115.72,0.88,-96.38,-68.60,-3.90,26.93,0,11,-94.45,10,-99.64,15,-102.19,12,-104.81,7,-115.64,8,-120.51
203,6265.00,4446.24,10.50,3,14,0.05,NLOS,115.47,0.88,-96.12,-68.34,-3.60,26.93,0,11,-94.51,10,-99.53,15,-102.39,12,-104.91,7,-115.61,8,-120.54
204,6265.00,4438.76,10.50,3,14,0.05,NLOS,115.21,0.88,-95.86,-68.08,-3.31,26.93,0,11,-94.56,10,-99.41,15,-102.58,12,-105.02,7,-115.59,8,-120.58
205,6265.00,4431.28,10.50,3,14,0.05,NLOS,114.94,1.29,-96.01,-68.23,3.40,26.93,0,10,-103.47,11,-103.70,15,-107.45,12,-112.49,16,-114.15,8,-116.12
206,6259.30,4429.50,10.50,2,14,0.05,NLOS,115.04,1.29,-96.11,-68.33,3.22,26.93,0,10,-103.38,11,-103.54,15,-107.56,12,-112.47,16,-114.18,8,-116.07
207,6251.82,4429.50,10.50,2,14,0.05,NLOS,115.25,1.29,-96.32,-68.54,2.89,26.93,0,10,-103.30,11,-103.30,15,-107.64,12,-112.42,16,-114.20,8,-115.98
208,6244.34,4429.50,10.50,2,14,0.05,NLOS,115.46,1.29,-96.53,-68.75,2.56,26.93,0,11,-103.07,10,-103.21,15,-107.72,12,-112.37,16,-114.21,8,-115.90
209,6236.86,4429.50,10.50,2,14,0.05,NLOS,115.68,-5.52,-89.94,-62.16,2.94,26.93,0,11,-94.05,10,-100.43,12,-107.42,9,-107.95,15,-109.71,4,-114.77
210,6229.38,4429.50,10.50,2,14,0.05,NLOS,115.89,-5.52,-90.15,-62.37,2.52,26.93,0,11,-93.81,10,-100.35,12,-107.37,9,-107.91,15,-109.80,4,-114.71
211,6221.90,4429.50,10.50,2,14,0.05,NLOS,116.10,-5.52,-90.36,-62.58,2.11,26.93,0,11,-93.56,10,-100.27,12,-107.32,9,-107.86,15,-109.89,4,-114.64
212,6214.42,4429.50,10.50,2,14,0.05,NLOS,116.32,-5.52,-90.58,-62.80,1.68,26.93,0,11,-93.31,10,-100.19,12,-107.28,9,-107.82,15,-109.97,4,-114.58
213,6206.94,4429.50,10.50,2,14,0.04,NLOS,116.53,-3.52,-92.80,-65.02,2.45,26.93,0,15,-97.76,11,-100.34,10,-108.12,8,-109.39,7,-110.34,12,-115.88
214,6199.46,4429.50,10.50,2,14,0.04,NLOS,116.75,-3.52,-93.01,-65.23,2.19,26.93,0,15,-97.85,11,-100.09,10,-108.04,8,-109.30,7,-110.24,12,-115.84
215,6191.98,4429.50,10.50,2,14,0.04,NLOS,116.96,-3.52,-93.23,-65.45,1.93,26.93,0,15,-97.95,11,-99.83,10,-107.97,8,-109.22,7,-110.14,12,-115.79
216,6184.50,4429.50,10.50,2,14,0.04,NLOS,117.18,-3.52,-93.44,-65.66,1.66,26.93,0,15,-98.04,11,-99.56,10,-107.89,8,-109.13,7,-110.04,12,-115.74
217,6177.02,4429.50,10.50,2,14,0.04,NLOS,117.39,-5.81,-91.36,-63.58,0.37,26.93,0,11,-92.17,12,-105.83,10,-107.04,7,-109.92,15,-112.99,5,-116.42
218,6169.54,4429.50,10.50,2,14,0.04,NLOS,117.60,-5.81,-91.57,-63.79,-0.09,26.93,0,11,-91.89,12,-105.78,10,-106.96,7,-109.82,15,-113.08,5,-116.36
219,6162.06,4429.50,10.50,2,14,0.04,NLOS,117.82,-5.81,-91.79,-64.00,-0.56,26.93,0,11,-91.62,12,-105.74,10,-106.89,7,-109.71,15,-113.18,5,-116.31
220,6154.58,4429.50,10.50,2,14,0.04,NLOS,118.03,-5.81,-92.00,-64.22,-1.03,26.93,0,11,-91.34,12,-105.69,10,-106.82,7,-109.61,15,-113.28,5,-116.26
221,6147.10,4429.50,10.50,2,14,0.04,NLOS,118.24,-0.96,-97.06,-69.28,-4.52,26.93,0,11,-96.05,15,-97.27,10,-99.60,8,-111.95,13,-113.37,12,-115.47
222,6139.62,4429.50,10.50,2,14,0.04,NLOS,118.45,-0.96,-97.27,-69.49,-4.84,26.93,0,11,-95.76,15,-97.37,10,-99.53,8,-111.86,13,-113.36,12,-115.43
223,6135.00,4432.36,10.50,1,14,0.04,NLOS,118.65,-0.96,-97.47,-69.69,-5.14,26.93,0,11,-95.54,15,-97.37,10,-99.54,8,-111.78,13,-113.32,12,-115.36
224,6135.00,4439.84,10.50,1,14,0.04,NLOS,118.82,-0.96,-97.64,-69.86,-5.38,26.93,0,11,-95.44,15,-97.21,10,-99.67,8,-111.74,13,-113.26,12,-115.25
225,6135.00,4447.32,10.50,1,11,0.05,NLOS,115.99,-6.09,-89.69,-61.91,5.55,26.93,1,14,-96.93,15,-101.07,8,-108.28,9,-109.62,16,-114.71,7,-116.85
226,6135.00,4454.80,10.50,1,11,0.05,NLOS,115.90,-6.09,-89.60,-61.82,5.72,26.93,0,14,-97.10,15,-100.91,8,-108.24,9,-109.57,16,-114.63,7,-116.88
227,6135.00,4462.28,10.50,1,11,0.05,NLOS,115.82,-6.09,-89.51,-61.73,5.87,26.93,0,14,-97.28,15,-100.74,8,-108.19,9,-109.51,16,-114.54,7,-116.91
228,6135.00,4469.76,10.50,1,11,0.05,NLOS,115.74,-6.09,-89.43,-61.65,6.01,26.93,0,14,-97.45,15,-100.58,8,-108.15,9,-109.46,16,-114.46,7,-116.94
229,6135.00,4477.24,10.50,1,11,0.05,NLOS,115.66,-3.08,-92.36,-64.58,4.11,26.93,0,15,-100.39,14,-100.47,10,-104.66,7,-111.27,3,-114.98,1,-116.03
230,6135.00,4484.72,10.50,1,11,0.05,NLOS,115.59,-3.08,-92.29,-64.51,4.20,26.93,0,15,-100.23,14,-100.65,10,-104.79,7,-111.30,3,-115.01,1,-116.02
231,6135.00,4492.20,10.50,1,11,0.05,NLOS,115.53,-3.08,-92.22,-64.44,4.28,26.93,0,15,-100.06,14,-100.82,10,-104.92,7,-111.33,3,-115.03,1,-116.01
232,6135.00,4499.68,10.50,1,11,0.05,NLOS,115.47,-3.08,-92.17,-64.38,4.35,26.93,0,15,-99.90,14,-100.99,10,-105.05,7,-111.36,3,-115.06,1,-116.00
233,6135.00,4507.16,10.50,1,14,0.03,NLOS,120.37,-4.80,-95.35,-67.57,2.85,26.93,1,10,-100.48,11,-106.30,12,-107.14,15,-111.17,7,-111.81,8,-113.74
234,6135.00,4514.64,10.50,1,14,0.03,NLOS,120.55,-4.80,-95.53,-67.74,2.72,26.93,0,10,-100.60,11,-106.26,12,-107.03,15,-111.01,7,-111.84,8,-113.70
235,6135.00,4522.12,10.50,1,14,0.03,NLOS,120.72,-4.80,-95.70,-67.92,2.59,26.93,0,10,-100.73,11,-106.22,12,-106.91,15,-110.84,7,-111.88,8,-113.66
236,6135.00,4529.60,10.50,1,14,0.03,NLOS,120.89,-4.80,-95.87,-68.09,2.45,26.93,0,10,-100.86,11,-106.18,12,-106.79,15,-110.67,7,-111.91,8,-113.62
237,6135.00,4537.08,10.50,1,11,0.05,NLOS,115.26,-2.74,-92.31,-64.53,6.50,26.93,1,14,-101.36,7,-106.98,15,-108.00,8,-110.93,10,-111.36,12,-111.86
238,6135.00,4544.56,10.50,1,11,0.05,NLOS,115.24,-2.74,-92.29,-64.51,6.60,26.93,0,14,-101.54,7,-107.02,15,-107.83,8,-110.89,10,-111.48,12,-111.74
239,6135.00,4552.04,10.50,1,11,0.05,NLOS,115.23,-2.74,-92.27,-64.49,6.69,26.93,0,14,-101.71,7,-107.05,15,-107.66,8,-110.85,10,-111.61,12,-111.62
240,6135.00,4559.52,10.50,1,11,0.05,NLOS,115.22,-2.74,-92.26,-64.48,6.77,26.93,0,14,-101.88,7,-107.09,15,-107.49,8,-110.82,12,-111.50,10,-111.73
241,6135.00,4567.00,10.50,1,11,0.05,NLOS,115.21,-6.10,-88.89,-61.11,5.13,26.93,0,15,-96.13,14,-100.99,10,-102.81,7,-109.13,4,-112.16,9,-113.39
242,6135.00,4574.48,10.50,1,11,0.05,NLOS,115.22,-6.10,-88.90,-61.12,5.07,26.93,0,15,-95.96,14,-101.16,10,-102.94,7,-109.17,4,-112.16,9,-113.34
243,6135.00,4581.96,10.50,1,11,0.05,NLOS,115.23,-6.10,-88.91,-61.13,4.99,26.93,0,15,-95.79,14,-101.33,10,-103.06,7,-109.21,4,-112.16,9,-113.28
244,6135.00,4589.44,10.50,1,11,0.05,NLOS,115.24,-6.10,-88.92,-61.14,4.91,26.93,0,15,-95.62,14,-101.50,10,-103.18,7,-109.24,4,-112.16,16,-113.22
245,6135.00,4596.92,10.50,1,11,0.05,NLOS,115.26,-10.72,-84.32,-56.54,10.34,26.93,0,14,-95.76,12,-103.53,15,-107.93,8,-111.32,10,-112.49,7,-115.33
246,6135.00,4604.40,10.50,1,11,0.05,NLOS,115.29,-10.72,-84.35,-56.57,10.41,26.93,0,14,-95.93,12,-103.41,15,-107.76,8,-111.28,10,-112.61,16,-115.25
247,6135.00,4611.88,10.50,1,11,0.05,NLOS,115.33,-10.72,-84.38,-56.60,10.48,26.93,0,14,-96.10,12,-103.28,15,-107.58,8,-111.25,10,-112.72,16,-115.16
248,6135.00,4619.36,10.50,1,11,0.05,NLOS,115.37,-10.72,-84.42,-56.64,10.54,26.93,0,14,-96.27,12,-103.15,15,-107.41,8,-111.21,10,-112.84,16,-115.07
249,6135.00,4626.84,10.50,1,11,0.05,NLOS,115.41,-1.93,-93.27,-65.49,6.77,26.93,0,14,-102.63,16,-104.62,12,-107.32,15,-108.24,10,-111.31,4,-113.26
250,6135.00,4629.50,10.50,0,11,0.05,NLOS,115.43,-1.93,-93.29,-65.51,6.77,0.00,0,14,-102.68,16,-104.58,12,-107.28,15,-108.18,10,-111.35,4,-113.26
251,6135.00,4629.50,10.50,0,11,0.05,NLOS,115.43,-1.93,-93.29,-65.51,6.77,0.00,0,14,-102.68,16,-104.58,12,-107.28,15,-108.18,10,-111.35,4,-113.26
252,6135.00,4629.50,10.50,0,11,0.05,NLOS,115.43,-1.93,-93.29,-65.51,6.77,0.00,0,14,-102.68,16,-104.58,12,-107.28,15,-108.18,10,-111.35,4,-113.26
253,6135.00,4629.50,10.50,0,11,0.05,NLOS,115.43,-1.93,-93.29,-65.51,6.77,0.00,0,14,-102.68,16,-104.58,12,-107.28,15,-108.18,10,-111.35,4,-113.26
254,6135.00,4629.50,10.50,0,11,0.05,NLOS,115.43,-1.93,-93.29,-65.51,6.77,0.00,0,14,-102.68,16,-104.58,12,-107.28,15,-108.18,10,-111.35,4,-113.26
255,6135.00,4629.50,10.50,0,11,0.05,NLOS,115.43,-1.93,-93.29,-65.51,6.77,0.00,0,14,-102.68,16,-104.58,12,-107.28,15,-108.18,10,-111.35,4,-113.26
256,6135.00,4629.50,10.50,0,11,0.05,NLOS,115.43,-1.93,-93.29,-65.51,6.77,0.00,0,14,-102.68,16,-104.58,12,-107.28,15,-108.18,10,-111.35,4,-113.26
257,6135.00,4629.50,10.50,0,11,0.05,NLOS,115.43,-1.93,-93.29,-65.51,6.77,0.00,0,14,-102.68,16,-104.58,12,-107.28,15,-108.18,10,-111.35,4,-113.26
258,6135.00,4629.50,10.50,0,11,0.05,NLOS,115.43,-1.93,-93.29,-65.51,6.77,0.00,0,14,-102.68,16,-104.58,12,-107.28,15,-108.18,10,-111.35,4,-113.26
259,6135.00,4629.50,10.50,0,11,0.05,NLOS,115.43,-1.93,-93.29,-65.51,6.77,0.00,0,14,-102.68,16,-104.58,12,-107.28,15,-108.18,10,-111.35,4,-113.26
260,6138.74,4629.50,10.50,0,11,0.05,NLOS,115.59,-1.93,-93.45,-65.67,6.57,13.46,0,14,-102.62,16,-104.57,12,-107.31,15,-108.09,10,-111.38,4,-113.30
261,6146.22,4629.50,10.50,0,11,0.05,NLOS,115.91,-1.93,-93.76,-65.98,6.18,26.93,0,14,-102.50,16,-104.54,12,-107.37,15,-107.92,10,-111.42,4,-113.36
262,6153.70,4629.50,10.50,0,11,0.05,NLOS,116.22,-1.93,-94.07,-66.29,5.79,26.93,0,14,-102.38,16,-104.52,12,-107.43,15,-107.75,10,-111.47,4,-113.43
263,6161.18,4629.50,10.50,0,11,0.04,NLOS,116.52,2.66,-98.96,-71.18,3.35,26.93,0,14,-106.41,15,-108.98,8,-109.13,10,-110.88,4,-115.19,16,-116.03
264,6168.66,4629.50,10.50,0,11,0.04,NLOS,116.82,2.66,-99.26,-71.48,2.99,26.93,0,14,-106.29,15,-108.81,8,-109.23,10,-110.93,4,-115.26,16,-116.00
265,6176.14,4629.50,10.50,0,11,0.04,NLOS,117.11,2.66,-99.55,-71.77,2.65,26.93,0,14,-106.17,15,-108.64,8,-109.32,10,-110.98,4,-115.32,16,-115.98
266,6183.62,4629.50,10.50,0,11,0.04,NLOS,117.40,2.66,-99.84,-72.06,2.30,26.93,0,14,-106.05,15,-108.47,8,-109.42,10,-111.04,4,-115.39,16,-115.95
267,6191.10,4629.50,10.50,0,11,0.04,NLOS,117.69,0.58,-98.05,-70.27,0.67,26.93,0,15,-101.91,10,-105.73,12,-107.58,14,-108.04,8,-110.79,16,-112.82
268,6198.58,4629.50,10.50,0,11,0.04,NLOS,117.97,0.58,-98.33,-70.55,0.32,26.93,0,15,-101.74,10,-105.79,12,-107.65,14,-107.92,8,-110.89,16,-112.79
269,6206.06,4629.50,10.50,0,11,0.04,NLOS,118.24,0.58,-98.61,-70.83,-0.03,26.93,0,15,-101.58,10,-105.84,12,-107.71,14,-107.81,8,-110.99,16,-112.77
270,6213.54,4629.50,10.50,0,11,0.04,NLOS,118.51,0.58,-98.88,-71.10,-0.37,26.93,0,15,-101.41,10,-105.89,14,-107.70,12,-107.78,8,-111.08,16,-112.75
271,6221.02,4629.50,10.50,0,11,0.04,NLOS,118.78,-6.33,-92.23,-64.45,2.10,26.93,0,15,-95.96,14,-100.76,8,-107.23,16,-110.74,7,-112.59,9,-112.79
272,6228.50,4629.50,10.50,0,11,0.04,NLOS,119.04,-6.33,-92.49,-64.71,1.71,26.93,0,15,-95.80,14,-100.65,8,-107.32,16,-110.71,7,-112.68,9,-112.84
273,6235.98,4629.50,10.50,0,11,0.04,NLOS,119.30,-6.33,-92.75,-64.97,1.32,26.93,0,15,-95.64,14,-100.54,8,-107.42,16,-110.69,7,-112.77,9,-112.89
274,6243.46,4629.50,10.50,0,11,0.04,NLOS,119.56,-6.33,-93.00,-65.22,0.94,26.93,0,15,-95.48,14,-100.44,8,-107.51,16,-110.67,7,-112.86,9,-112.94
275,6250.94,4629.50,10.50,0,14,0.03,NLOS,121.40,-7.31,-93.88,-66.09,-0.54,26.93,1,15,-96.87,8,-99.62,11,-101.04,7,-102.47,10,-109.95,12,-115.89
276,6258.42,4629.50,10.50,0,14,0.03,NLOS,121.30,-7.31,-93.77,-65.99,-0.43,26.93,0,15,-96.71,8,-99.71,11,-101.29,7,-102.55,10,-110.01,12,-115.96
277,6264.10,4629.50,10.50,2,14,0.03,NLOS,121.22,-7.31,-93.70,-65.92,-0.36,26.93,0,15,-96.59,8,-99.78,11,-101.48,7,-102.62,10,-110.05,12,-116.01
278,6256.62,4629.50,10.50,2,14,0.03,NLOS,121.32,-7.31,-93.80,-66.02,-0.46,26.93,0,15,-96.75,8,-99.69,11,-101.23,7,-102.53,10,-109.99,12,-115.94
279,6249.14,4629.50,10.50,2,15,0.04,NLOS,117.76,-11.72,-85.82,-58.04,11.27,26.93,1,11,-99.25,16,-103.57,14,-107.30,12,-110.13,7,-110.93,13,-112.92
280,6241.66,4629.50,10.50,2,15,0.04,NLOS,117.92,-11.72,-85.98,-58.20,10.96,26.93,0,11,-99.00,16,-103.59,14,-107.41,12,-110.06,7,-110.84,13,-112.90
281,6234.18,4629.50,10.50,2,15,0.04,NLOS,118.08,-11.72,-86.14,-58.36,10.65,26.93,0,11,-98.74,16,-103.61,14,-107.51,12,-109.99,7,-110.75,13,-112.88
282,6226.70,4629.50,10.50,2,15,0.04,NLOS,118.24,-11.72,-86.31,-58.53,10.33,26.93,0,11,-98.48,16,-103.63,14,-107.62,12,-109.92,7,-110.66,13,-112.86
283,6219.22,4629.50,10.50,2,14,0.03,NLOS,121.85,-2.53,-99.10,-71.32,0.46,26.93,1,10,-105.00,9,-105.44,15,-105.45,7,-105.82,11,-107.63,16,-112.28
284,6211.74,4629.50,10.50,2,14,0.03,NLOS,121.96,-2.53,-99.21,-71.43,0.30,26.93,0,10,-104.94,9,-105.38,15,-105.61,7,-105.73,11,-107.37,16,-112.31
285,6204.26,4629.50,10.50,2,14,0.03,NLOS,122.07,-2.53,-99.33,-71.54,0.14,26.93,0,10,-104.89,9,-105.33,7,-105.64,15,-105.78,11,-107.09,16,-112.33
286,6196.78,4629.50,10.50,2,14,0.03,NLOS,122.19,-2.53,-99.44,-71.66,-0.02,26.93,0,10,-104.84,9,-105.28,7,-105.55,15,-105.95,11,-106.82,16,-112.35
287,6189.30,4629.50,10.50,2,11,0.04,NLOS,117.62,-7.39,-90.01,-62.23,3.85,26.93,1,14,-95.41,15,-100.73,12,-104.93,16,-109.33,7,-113.01,13,-113.06
288,6181.82,4629.50,10.50,2,11,0.04,NLOS,117.33,-7.39,-89.72,-61.94,4.24,26.93,0,14,-95.52,15,-100.89,12,-104.87,16,-109.35,7,-112.92,13,-113.04
289,6174.34,4629.50,10.50,2,11,0.04,NLOS,117.04,-7.39,-89.43,-61.65,4.64,26.93,0,14,-95.64,15,-101.06,12,-104.80,16,-109.38,7,-112.83,13,-113.02
290,6166.86,4629.50,10.50,2,11,0.04,NLOS,116.75,-7.39,-89.14,-61.36,5.05,26.93,0,14,-95.76,15,-101.23,12,-104.74,16,-109.40,7,-112.73,13,-113.00
291,6159.38,4629.50,10.50,2,11,0.04,NLOS,116.45,-1.83,-94.40,-66.62,4.28,26.93,0,14,-101.18,15,-106.38,12,-106.81,4,-108.60,13,-109.35,10,-109.61
292,6151.90,4629.50,10.50,2,11,0.05,NLOS,116.14,-1.83,-94.09,-66.31,4.67,26.93,0,14,-101.30,15,-106.55,12,-106.75,4,-108.53,13,-109.33,10,-109.56
293,6144.42,4629.50,10.50,2,11,0.05,NLOS,115.83,-1.83,-93.78,-66.00,5.05,26.93,0,14,-101.42,12,-106.69,15,-106.72,4,-108.47,13,-109.32,10,-109.51
294,6136.94,4629.50,10.50,2,11,0.05,NLOS,115.52,-1.83,-93.46,-65.68,5.45,26.93,0,14,-101.55,12,-106.62,15,-106.90,4,-108.40,13,-109.30,10,-109.47
295,6135.00,4635.04,10.50,1,15,0.04,NLOS,120.18,0.26,-100.23,-72.45,-0.33,26.93,1,11,-103.44,14,-107.56,12,-107.77,16,-107.82,8,-113.40,3,-113.70
296,6135.00,4642.52,10.50,1,15,0.04,NLOS,120.01,0.26,-100.05,-72.27,-0.14,26.93,0,11,-103.50,12,-107.64,16,-107.72,14,-107.73,8,-113.37,3,-113.73
297,6135.00,4650.00,10.50,1,15,0.04,NLOS,119.84,0.26,-99.88,-72.10,0.05,26.93,0,11,-103.56,12,-107.51,16,-107.63,14,-107.89,8,-113.34,3,-113.76
298,6135.00,4657.48,10.50,1,15,0.04,NLOS,119.66,0.26,-99.71,-71.93,0.24,26.93,0,11,-103.63,12,-107.38,16,-107.53,14,-108.06,8,-113.30,3,-113.78
299,6135.00,4664.96,10.50,1,15,0.04,NLOS,119.49,-1.07,-98.20,-70.42,-4.57,26.93,0,14,-96.59,11,-97.56,8,-105.84,13,-106.83,7,-109.19,10,-112.46
300,6135.00,4672.44,10.50,1,15,0.04,NLOS,119.32,-1.07,-98.02,-70.24,-4.28,26.93,0,14,-96.75,11,-97.64,8,-105.81,13,-106.76,7,-109.23,10,-112.57
