Bước,ue0_x,ue0_y,ue0_huong,ue0_BS_ketnoi,ue0_prx_hientai,ue0_SINR,ue0_speed,ue0_handover
0,3000,7226.53,1,106,-42.42,16.77,31.83,0
1,3000,7253.06,1,106,-60.17,-3.82,31.83,0
2,3000,7279.58,1,106,-58.68,3.27,31.83,0
3,3000,7306.11,1,106,-51.16,10.33,31.83,0
4,3000,7332.64,1,106,-76.77,-5.06,31.83,0
5,3000,7359.17,1,106,-76.11,-6.59,31.83,0
6,3000,7385.7,1,106,-62.24,6.92,31.83,0
7,3000,7387.78,3,106,-79.88,-4.8,31.83,0
8,3000,7361.25,3,106,-82.1,-22.37,31.83,0
9,3000,7334.72,3,106,-83.35,-8.78,31.83,0
10,3000,7308.19,3,106,-75.88,-0.16,31.83,0
11,3000,7281.66,3,106,-82.2,-15.98,31.83,0
12,3000,7255.14,3,106,-85.74,-10.54,31.83,0
13,3000,7228.61,3,106,-63.29,13.79,31.83,0
14,3000,7202.08,3,106,-54.52,11.13,31.83,0
15,2975.55,7200,2,106,-67.11,-5.01,31.83,0
16,2949.02,7200,2,106,-67.91,-17.08,31.83,0
17,2922.5,7200,2,106,-82.02,-27.73,31.83,0
18,2895.97,7200,2,106,-62.98,-5.5,31.83,0
19,2869.44,7200,2,106,-60.74,-1.95,31.83,0
20,2842.91,7200,2,106,-45.3,3.31,31.83,0
21,2816.38,7200,2,106,-45.06,20.33,31.83,0
22,2789.85,7200,2,106,-48.36,5.66,31.83,0
23,2763.33,7200,2,106,-56.94,-2.26,31.83,0
24,2736.8,7200,2,106,-49.67,0.2,31.83,0
25,2710.27,7200,2,21,-79.83,-16.17,31.83,1
26,2683.74,7200,2,21,-88.75,-26.2,31.83,0
27,2657.21,7200,2,106,-74.07,-0.68,31.83,1
28,2630.69,7200,2,106,-69.49,6.9,31.83,0
29,2604.16,7200,2,106,-62.55,12.23,31.83,0
30,2600,7200,3,106,-53.2,9.39,0,0
31,2600,7200,3,106,-53.2,9.39,0,0
32,2600,7200,3,106,-53.2,9.39,0,0
33,2600,7200,3,106,-53.2,9.39,0,0
34,2600,7200,3,106,-53.2,9.39,0,0
35,2600,7200,3,106,-53.2,9.39,0,0
36,2600,7200,3,106,-53.2,9.39,0,0
37,2600,7200,3,106,-53.2,9.39,0,0
38,2600,7200,3,106,-53.2,9.39,0,0
39,2600,7200,3,106,-53.2,9.39,0,0
40,2600,7186.74,3,106,-70.83,-8.06,15.92,0
41,2600,7160.21,3,106,-75.83,-12.97,31.83,0
42,2600,7133.68,3,106,-95.45,-28.05,31.83,0
43,2600,7107.15,3,106,-70.66,-9.69,31.83,0
44,2600,7080.62,3,106,-73.63,-12.88,31.83,0
45,2600,7054.1,3,106,-78.04,-12.37,31.83,0
46,2600,7027.57,3,106,-46.79,23.55,31.83,0
47,2600,7001.04,3,106,-59.52,7.06,31.83,0
48,2600,6974.51,3,106,-74.31,-9.27,31.83,0
49,2600,6947.98,3,106,-76.08,-14.46,31.83,0
50,2600,6921.46,3,106,-77.69,-17.89,31.83,0
51,2600,6894.93,3,106,-82.73,-15.97,31.83,0
52,2600,6868.4,3,106,-86.73,-17.6,31.83,0
53,2600,6841.87,3,106,-74.38,-9.73,31.83,0
54,2600,6815.34,3,106,-94.54,-25.55,31.83,0
55,2600,6788.82,3,106,-94.58,-20.53,31.83,0
56,2600,6762.29,3,106,-75.4,-4.3,31.83,0
57,2600,6735.76,3,106,-86.44,-14.79,31.83,0
58,2600,6709.23,3,106,-83.04,-22.11,31.83,0
59,2600,6682.7,3,106,-73.2,-5.87,31.83,0
60,2600,6656.17,3,100,-66.95,3.64,31.83,1
61,2600,6629.65,3,100,-75.86,-5.66,31.83,0
62,2600,6603.12,3,100,-67.33,-0.87,31.83,0
63,2623.41,6600,0,100,-83.43,-33.37,31.83,0
64,2649.94,6600,0,100,-80.17,-20.59,31.83,0
65,2676.47,6600,0,100,-74.59,-14.03,31.83,0
66,2702.99,6600,0,100,-76.02,-11.27,31.83,0
67,2729.52,6600,0,100,-77.37,-12.54,31.83,0
68,2756.05,6600,0,100,-72.77,-7.85,31.83,0
69,2782.58,6600,0,100,-91.27,-32.28,31.83,0
70,2800,6609.11,1,100,-82.98,-26.82,31.83,0
71,2800,6635.63,1,100,-102.15,-52.4,31.83,0
72,2800,6662.16,1,100,-95.92,-40.71,31.83,0
73,2800,6688.69,1,100,-81.55,-36.96,31.83,0
74,2800,6715.22,1,100,-69.61,-9.12,31.83,0
75,2800,6741.75,1,100,-52.97,8.87,31.83,0
76,2800,6768.27,1,100,-75.36,-7.94,31.83,0
77,2800,6794.8,1,100,-62.51,1.7,31.83,0
78,2800,6821.33,1,100,-52.72,20.18,31.83,0
79,2800,6847.86,1,100,-69.27,-3.3,31.83,0
80,2800,6874.39,1,106,-66.33,3.81,31.83,1
81,2800,6900.91,1,106,-57.52,22.36,31.83,0
82,2800,6927.44,1,106,-68.88,-5.55,31.83,0
83,2800,6953.97,1,106,-57.93,14.94,31.83,0
84,2800,6980.5,1,106,-43.57,26.86,31.83,0
85,2800,7000,3,106,-67.85,1.61,0,0
86,2800,7000,3,106,-67.85,1.61,0,0
87,2800,7000,3,106,-67.85,1.61,0,0
88,2800,7000,3,106,-67.85,1.61,0,0
89,2800,7000,3,106,-67.85,1.61,0,0
90,2800,7000,3,106,-67.85,1.61,0,0
91,2800,7000,3,106,-67.85,1.61,0,0
92,2800,7000,3,106,-67.85,1.61,0,0
93,2800,7000,3,106,-67.85,1.61,0,0
94,2800,7000,3,106,-67.85,1.61,0,0
95,2800,6986.74,3,106,-68.06,-3.53,15.92,0
96,2800,6960.21,3,106,-89.3,-28.77,31.83,0
97,2800,6933.68,3,106,-86.24,-32.98,31.83,0
98,2800,6907.15,3,106,-82.54,-19.93,31.83,0
99,2800,6880.62,3,106,-87.67,-28.92,31.83,0
100,2800,6854.1,3,106,-82.64,-15.78,31.83,0
