timestep,ue_id,x,y,z,vx,vy,vz,rsrp_bs_0,sinr_bs_0,rsrp_bs_1,sinr_bs_1,rsrp_bs_2,sinr_bs_2,rsrp_bs_3,sinr_bs_3
0,0,50.0,120.0,1.5,1.7999999999999972,1.0712008162749527,0.0,-72.3612230511161,13.937288326349831,-83.90867206716857,3.0143847832927673,-85.75312862339689,0.18883846996976694,-91.73401103426713,-5.934546556492598
1,0,51.8,121.07120081627495,1.5,1.8000000000000007,1.0705177251011762,0.0,-73.82212001946193,12.963652482124186,-82.39328778397487,5.377609093559391,-87.50094737904425,-1.0148506067801826,-90.47608101463722,-4.415411749466375
2,0,53.6,122.14103545020235,1.5,1.8000000000000007,1.0684693227769984,0.0,-71.52214106227032,13.79446965336949,-83.93965915306563,0.973078386221955,-88.82571400512816,-1.7391161791655645,-92.54986993756282,-6.217854483610417
3,0,55.4,123.20813946182895,1.5,1.8000000000000007,1.0650582217827775,0.0,-71.14411349993287,14.2675099720208,-83.28846400224916,2.121126341173806,-87.7192134128526,-1.174726109325471,-89.12678624562771,-1.4999789202842508
4,0,57.2,124.27115189376791,1.5,1.8000000000000007,1.0602887725501944,0.0,-74.46599566684738,13.686407664134956,-83.98903910134415,1.7502151849826753,-87.59482885711856,-1.6119530804306832,-90.99818420028922,-4.983103149525689
5,0,59.0,125.32871700692934,1.5,1.7999999999999972,1.0541670579138085,0.0,-73.5414827261795,11.743030985774462,-84.06049572991088,3.458119806453755,-89.15425572814233,-3.312135595658247,-90.44935722568053,-3.526816370138299
6,0,60.8,126.37948600959552,1.5,1.8000000000000007,1.0467008853531752,0.0,-71.68203026964676,13.622554525599147,-84.72611287391668,1.723539204117823,-87.78794595571476,-2.096616123898277,-87.97846483363723,-2.113724926232022
7,0,62.6,127.42211877763569,1.5,1.8000000000000043,1.037899777035392,0.0,-72.07427087645779,15.447358686406112,-83.20873549083805,3.5047610865291325,-88.33586901510421,-2.896721236669991,-88.92161116052986,-2.541239853838745
8,0,64.4,128.4552855636663,1.5,1.8000000000000007,1.0277749576707293,0.0,-71.57736760204364,16.6717952245278,-84.6809567522541,0.3851110793724458,-86.30020655628736,1.55155388976186,-91.08110410603584,-5.123732366679544
9,0,66.2,129.47766869297715,1.5,1.7999999999999972,1.0163393401969785,0.0,-72.44668800860384,12.417494841825375,-82.7940932063617,2.169858269374271,-87.33200199819362,-1.1814069765232502,-91.39692654760337,-4.7374109050118065
10,0,68.0,130.48796424406027,1.5,1.7999999999999972,1.0036075093105694,0.0,-70.23730522625304,15.149557143886868,-82.22381964835635,3.878553438513033,-87.67689090390671,-1.1660475068934266,-91.0475076283668,-5.621348710598363
11,0,69.8,131.4848837115983,1.5,1.7999999999999972,0.9895957028656426,0.0,-70.23280977313225,15.605990101842496,-83.01939732137045,2.6593642775273527,-87.42884947832371,-2.1268295251454994,-90.01672469640035,-5.5252035519014715
12,0,71.6,132.46715564979155,1.5,1.8000000000000043,0.9743217911647122,0.0,-70.96483416875405,15.872199439096079,-83.73552438889877,2.2274170263695683,-86.99747098927968,-1.5578425145161043,-90.72658152224182,-6.1842262807298
13,0,73.4,133.4335272939277,1.5,1.8000000000000043,0.957805254167269,0.0,-69.57391902890558,14.98396100363961,-82.7797959621723,2.489913667687354,-86.48871308393016,-1.5725222833665482,-91.04627970898693,-5.92243114115817
14,0,75.2,134.3827661581261,1.5,1.7999999999999972,0.9400671566456396,0.0,-70.25304004122509,14.796492991654382,-83.62724719327534,1.915386419309561,-88.39209902269737,-5.124009908726956,-88.78301075981663,-4.3281832440334185
15,0,77.0,135.313661607219,1.5,1.7999999999999972,0.9211301213194218,0.0,-71.73781149347101,14.03361643438829,-82.0662426050465,3.285295840015444,-88.40577998306722,-4.212284304603848,-90.65229207565568,-4.961817206058335
16,0,78.8,136.22502640076493,1.5,1.7999999999999972,0.901018300003102,0.0,-70.1621758525588,15.244707203762841,-85.31843986148846,0.4386574156511738,-85.79356092727085,-2.035446098503969,-87.72731864742862,-2.8256852656961193
17,0,80.6,137.1156982072252,1.5,1.8000000000000043,0.8797573428034298,0.0,-71.65897582930839,13.014670823664282,-83.45514798638769,2.240347529313239,-87.57714622291078,-4.255174258122801,-90.34949615649433,-3.2597078156649433
18,0,82.4,137.9845410863718,1.5,1.8000000000000043,0.8573743654058177,0.0,-69.36363011521408,15.425634051153347,-85.37289310598119,-1.698495564119186,-88.74557716779613,-4.660181621303319,-88.2875459884967,-4.56765607747324
19,0,84.2,138.83044693803683,1.5,1.7999999999999972,0.8338979144918852,0.0,-70.39311053924304,13.331537541942444,-84.70934447671871,-1.6108367830111376,-86.47566836865697,-0.4492425871250978,-89.97266749532899,-4.775456114030847
20,0,86.0,139.65233691535556,1.5,1.8000000000000043,0.8093579313316042,0.0,-70.47656905717693,14.092411445068446,-81.20986342510267,4.419708847928865,-86.41492243760067,-1.5541488337838902,-89.21740545086115,-5.15676326371378
21,0,87.80000000000001,140.44916280070004,1.5,1.7999999999999972,0.7837857135969415,0.0,-70.99958874400205,13.488688815856394,-81.7033976963782,4.01282649452314,-88.77038582047395,-2.9064928746020504,-91.2139859413892,-6.712384475715081
22,0,89.6,141.21990834254945,1.5,1.7999999999999972,0.7572138754457143,0.0,-68.64943262280994,16.18665155353684,-83.57203405626865,0.3215666208752954,-86.62054236060811,-1.5197746992410013,-91.34044803056659,-6.392902639545954
23,0,91.4,141.96359055159147,1.5,1.8000000000000043,0.7296763059262616,0.0,-70.24222887725081,13.920068471611367,-84.44263862340065,-1.2700111277445563,-85.97543789057447,-0.6313006806536442,-89.73576631450365,-6.818656620206279
24,0,93.2,142.67926095440197,1.5,1.7999999999999972,0.701208125756196,0.0,-70.51740025564166,14.429985808986167,-86.12800697196708,-1.4314074409860755,-86.370907806015,-2.4217231171767226,-89.07262068447474,-4.15771707339713
25,0,95.0,143.36600680310386,1.5,1.8000000000000043,0.6718456425303003,0.0,-70.37885069969691,14.97257091597818,-83.15368919867879,2.171827464901266,-86.0236368024379,-0.9769375874727352,-90.18204484838972,-3.9810834857623387
26,0,96.80000000000001,144.02295223946257,1.5,1.7999999999999972,0.6416263044148707,0.0,-69.27661120752126,15.3676617169986,-79.52792684934423,6.461168970039284,-88.42878180344081,-3.2547058797243196,-91.74549197278185,-7.471151672793748
27,0,98.6,144.6492594119336,1.5,1.7999999999999972,0.6105886523871646,0.0,-69.44205942007335,15.345608240135878,-81.84152639471117,3.099488295053367,-86.30784832708082,-2.208474555434422,-91.80559880406504,-6.996848976037347
28,0,100.4,145.2441295442369,1.5,1.8000000000000043,0.578772271081192,0.0,-69.35652615762326,15.186288466203774,-82.96589427216368,1.248511562877653,-87.02946313243052,-2.0454551609087384,-91.85732489368783,-6.467232292595795
29,0,102.2,145.80680395409598,1.5,1.7999999999999972,0.5462177383026017,0.0,-69.31189818793457,15.190200653686018,-81.66741428265581,2.120553960089682,-87.20666767860712,-2.2354999493412224,-92.23738597815483,-7.823633016615341
30,0,104.0,146.3365650208421,1.5,1.8000000000000043,0.5129665732766853,0.0,-67.24169239392326,16.69254128486305,-84.02987291221316,0.479371170013037,-85.5434218072643,-1.4768013706784977,-89.95634311802115,-5.895868959776649
31,0,105.80000000000001,146.83273710064935,1.5,1.7999999999999972,0.47906118369580497,0.0,-70.28768873528881,14.494114199837414,-82.4448597226313,1.820345251314318,-84.7734889535934,-1.1711631098835884,-88.70916887756569,-6.018578508851445
32,0,107.6,147.2946873882337,1.5,1.7999999999999972,0.44454481163374737,0.0,-70.4083529476677,14.067178512436923,-81.90021183373311,1.8037950903954918,-84.35565669420393,-0.8018933673263107,-90.04682850866718,-5.031276741274798
33,0,109.4,147.72182672391685,1.5,1.8000000000000043,0.4094614783958548,0.0,-70.7690154564387,15.491182556312033,-82.0546116934182,4.1187777162047015,-84.89115807935947,-0.31411621695709824,-92.7147491902966,-8.305283418413138
34,0,111.2,148.11361034502542,1.5,1.7999999999999972,0.3738559283753631,0.0,-69.05709526152364,16.827004392731546,-80.93425219414544,5.053419438937689,-86.5603715305196,-1.7779256616193222,-90.20270185254935,-6.509939264241791
35,0,113.0,148.46953858066757,1.5,1.7999999999999972,0.33777357198756874,0.0,-68.45004018790655,16.53113223204403,-81.40182681336553,4.098459792559339,-85.96491744400748,-2.058902975558657,-90.14070376078487,-5.5279462869421305
36,0,114.8,148.78915748900056,1.5,1.8000000000000043,0.30126042775447104,0.0,-69.95463317701648,14.161677488163505,-80.94587562282581,2.9474728158049253,-85.42720547049049,-0.8405562746251016,-87.40172190308128,-3.342973810675779
37,0,116.60000000000001,149.07205943617652,1.5,1.8000000000000043,0.26436306361397044,0.0,-70.84352874123381,13.054574148606237,-82.50669578630463,2.852493029772338,-86.16090293158824,-1.1076613101157005,-91.63708302611673,-7.514309666186782
38,0,118.4,149.3178836162285,1.5,1.7999999999999972,0.22712853752834405,0.0,-70.84632722795803,14.962720142200304,-80.53640238444505,4.702055176089063,-86.1080275448542,-0.9792251923404915,-90.32895137512773,-5.273017622801066
39,0,120.2,149.5263165112332,1.5,1.7999999999999972,0.18960433746761396,0.0,-69.1018281052484,16.03922039455441,-79.59257213984593,5.546099488858853,-85.23476589051019,0.6843389180781276,-87.7847612499172,-4.253672668298373
40,0,122.0,149.69709229116373,1.5,1.7999999999999972,0.15183832084461812,0.0,-69.02003184404342,16.37603273611225,-82.64541041591092,3.202970951788495,-86.2524235028575,-0.5040824041632661,-89.26348406009683,-3.7875065571676756
41,0,123.8,149.82999315292244,1.5,1.8000000000000043,0.11387865347894888,0.0,-69.29319514358798,14.410321041246494,-82.48085533927392,2.9460627988810293,-87.01412576330924,-3.033564831097913,-89.09918526733489,-5.537523447330377
42,0,125.60000000000001,149.92484959812163,1.5,1.8000000000000043,0.07577374816744964,0.0,-70.78013221534364,15.154103865557092,-79.74756108279054,5.838807861290141,-86.59372172976963,-0.40487617876139215,-89.60939369435405,-5.41279838810247
43,0,127.4,149.98154064925734,1.5,1.79999999999999,0.03757220293971386,0.0,-69.7428283692137,15.911671449749194,-81.51552710029252,4.069646326477158,-85.29270302808692,-0.8097312087277341,-89.32272990961395,-3.005517065661227
44,0,129.2,149.99999400400105,1.5,1.7999999999999972,-0.0006772609225578208,0.0,-69.92453945521895,14.582031245692406,-79.53731007447564,5.8975916804761965,-86.00650737745134,-0.1918501370367749,-88.75733283021181,-3.019458020140642
45,0,131.0,149.98018612741222,1.5,1.8000000000000114,-0.03892586102342932,0.0,-69.8484075828617,15.278192210918451,-81.6895294897769,2.137559957076369,-85.55820750506238,-0.4490011964413155,-90.63368683536532,-5.657571405857099
46,0,132.8,149.9221422819542,1.5,1.8000000000000114,-0.0771248160685758,0.0,-69.11442757337748,16.71388687416908,-79.34967328954065,6.06774715376971,-85.11837504496528,-0.3123575781726517,-88.58051072459452,-4.3680959605219964
47,0,134.60000000000002,149.82593649527507,1.5,1.7999999999999972,-0.11522540807978032,0.0,-69.94409155182387,15.833009984781578,-80.87587868459028,4.130804692569936,-86.32793559068924,-2.5527764604862933,-91.25370309293497,-6.640861295146728
48,0,136.4,149.69169146579463,1.5,1.799999999999983,-0.15317904452848552,0.0,-69.45286191840901,16.170219566358615,-80.66245582071488,3.8707098246032716,-84.9259236597483,0.24816678070073775,-89.18401895162022,-4.013266265530806
49,0,138.2,149.5195784062181,1.5,1.7999999999999972,-0.19093732030952992,0.0,-70.24444718261282,15.654798402602358,-79.03411608555277,7.977773289410935,-85.33374111557872,-1.1756594591594638,-89.33557690593477,-4.113273024408905
50,0,140.0,149.30981682517557,1.5,1.8000000000000114,-0.22845207947582935,0.0,-70.03936960662152,15.869443512310308,-81.2861723468771,5.876550903665279,-87.22468950680022,-0.9470304783858916,-90.26166970491457,-5.057829939944811
51,0,141.8,149.06267424726644,1.5,1.8000000000000114,-0.26567547665517566,0.0,-69.69228977557471,16.671259065687625,-81.92253192637331,5.0608424613481215,-83.96633639848822,2.852888433744632,-89.5214405492791,-4.181411496812943
52,0,143.60000000000002,148.77846587186522,1.5,1.7999999999999972,-0.30256003807109266,0.0,-72.2646710355667,15.287465635419412,-81.27351300306691,4.946184039210143,-86.25180736955326,-1.1780895905442743,-90.21341677857593,-4.9283557737451495
53,0,145.4,148.45755417112426,1.5,1.799999999999983,-0.33905872208960375,0.0,-70.9686446474586,13.488344645245734,-80.13544439047654,7.082836860861886,-87.5904596094499,-1.5289593686591834,-90.7246125753699,-6.326269242257135
54,0,147.2,148.10034842768601,1.5,1.7999999999999972,-0.37512497921497356,0.0,-71.22113533078209,15.236584437460493,-82.50116983577212,3.7708965756318573,-86.81144638286311,-1.460209301054065,-89.83516490110686,-4.597798950837141
55,0,149.0,147.7073042126943,1.5,1.8000000000000114,-0.4107128114577847,0.0,-71.49767601698322,15.428706443281886,-79.80235846120286,6.748988615170061,-86.73531171239166,-1.1922519766319248,-90.70792543853854,-4.223944085480908
56,0,150.8,147.27892280477045,1.5,1.8000000000000114,-0.4457768309995487,0.0,-71.13820807347015,16.02239506201206,-81.16001061368593,4.482698760265954,-85.39972604477379,1.382399342928748,-88.96815137765972,-4.206000382290146
57,0,152.60000000000002,146.8157505506952,1.5,1.7999999999999972,-0.48027231807921567,0.0,-69.09379944181771,17.671347357613183,-79.0834141470825,7.88137887636691,-85.74284255129771,0.5076318083711958,-90.7080392880576,-4.895737181691768
58,0,154.4,146.318378168612,1.5,1.799999999999983,-0.5141552780276584,0.0,-72.0090917564863,13.786886400474327,-83.28239438909583,3.5438049028212997,-85.76991854961139,2.0236765608984633,-88.44605338132142,-3.0284330428309194
59,0,156.2,145.7874399946399,1.5,1.7999999999999972,-0.5473824973772565,0.0,-69.89319544499608,17.708612335351784,-81.30288700664623,4.564187538013638,-84.57318574067408,1.5649716579610178,-90.6907521421193,-4.416670667642485
60,0,158.0,145.2236131738575,1.5,1.8000000000000114,-0.5799115989753147,0.0,-73.16227153335775,15.696028545162308,-82.33377350933421,4.666022204197403,-84.85969500502895,2.586974040800969,-89.92514645633167,-3.9376264999710213
61,0,159.8,144.62761679668927,1.5,1.8000000000000114,-0.6117010960308846,0.0,-71.63504167167002,14.74982757174418,-81.25381158447708,5.854602468024058,-84.83861493785474,2.010654186930389,-89.96779720942034,-2.3724398369540687
62,0,161.60000000000002,144.00021098179573,1.5,1.7999999999999972,-0.6427104450258128,0.0,-71.13086699802189,17.305803965791437,-79.91882453041582,8.82238951524026,-84.67601536719967,2.856655384512494,-87.60084419195346,-0.6657894776646232
63,0,163.4,143.34219590663764,1.5,1.799999999999983,-0.6729000974229962,0.0,-70.71831442722903,16.8958234634967,-80.38618644956037,7.7624771356295845,-84.37799621936595,2.28529577318796,-88.76748727293814,-3.1697298257095783
64,0,165.2,142.65441078694974,1.5,1.7999999999999972,-0.7022315501056227,0.0,-70.66651345201839,17.290028692290345,-80.43170090985103,7.13967619347966,-87.59606267675176,-0.48977438822407265,-89.39079959104774,-2.0884055641072172
65,0,167.0,141.9377328064264,1.5,1.8000000000000114,-0.7306673944829924,0.0,-70.66873353451385,16.620089919132738,-80.27668247210829,7.611938918740251,-85.45261969785612,1.725469035030002,-88.51120934693463,-2.2467757305616356
66,0,168.8,141.19307599798375,1.5,1.8000000000000114,-0.7581713642005212,0.0,-72.14250567925875,15.843122004327414,-79.8011218868944,8.0493005645822,-87.57993738369194,-0.8544188402104503,-91.61132776808445,-5.069763642860535
67,0,170.60000000000002,140.42139007802535,1.5,1.7999999999999972,-0.7847083813929459,0.0,-72.3846156084113,17.026796164340887,-81.21650501041775,6.559420114565564,-84.86842372776813,3.1784964290807696,-89.10755279651147,-1.7343374041066766
68,0,172.4,139.62365923519786,1.5,1.799999999999983,-0.8102446014217151,0.0,-70.9083967379792,18.043055474382022,-79.12069286437283,8.072227006314353,-84.86488712297901,3.2941648365507565,-86.6319427346456,0.21554150502056263
69,0,174.2,138.80090087518192,1.5,1.7999999999999972,-0.8347474560395796,0.0,-72.27805971205386,17.702486346066223,-79.1379676198367,8.917725364771428,-83.55194538502433,4.681752152671201,-88.84338318888379,-0.7700404761208818
70,0,176.0,137.9541643231187,1.5,1.8000000000000114,-0.858185694927343,0.0,-73.69212513732084,15.948949264843177,-79.43700318532262,8.257067208105436,-83.32830737895154,5.77822321340663,-88.89401449497745,-2.037202636999458
71,0,177.8,137.08452948532724,1.5,1.7999999999999972,-0.880529425549696,0.0,-73.6362536413075,15.513365784350112,-79.19873867266836,8.20279719640884,-84.45665468994412,4.695691569259825,-88.291139441406,-1.1935950419299213
72,0,179.6,136.1931054720193,1.5,1.7999999999999972,-0.9017501512793871,0.0,-73.49677219359582,16.790381665608237,-79.48007254708148,9.437650332440342,-85.24656950892215,2.5597758474356733,-87.84762191377875,-0.6650789934116008
73,0,181.4,135.28102918276846,1.5,1.8000000000000114,-0.9218208077411276,0.0,-71.91597561939822,17.415043277972384,-77.3645601670695,11.55997573088642,-84.00973372244991,4.505674753936683,-91.29283382173705,-3.9243715133879076
74,0,183.20000000000002,134.34946385653706,1.5,1.7999999999999972,-0.9407157973288349,0.0,-72.46271431696498,17.261209729405138,-79.88372327825917,7.396750599297304,-85.17086260345462,2.6548471974100405,-90.88826113486812,-2.0764621772924485
75,0,185.0,133.3995975881108,1.5,1.7999999999999972,-0.9584110218521005,0.0,-71.92791018647277,16.97171456879656,-80.12196594483014,8.58330664313884,-84.48411483929816,3.9634727104493455,-88.59078418906887,-0.04594302479687773
76,0,186.8,132.43264181283286,1.5,1.7999999999999972,-0.9748839132704177,0.0,-73.39376175148104,15.865110815291533,-80.63365001974154,9.054917327248221,-83.24381452983367,4.806030638228035,-89.67471735704308,-0.15796156947384765
77,0,188.6,131.44982976156996,1.5,1.7999999999999972,-0.9901134624759749,0.0,-72.81695874356569,15.892686740338826,-80.94577511479885,8.876956250107764,-85.04089487058619,4.881724219385574,-87.21623252471956,2.8510754598707075
78,0,190.4,130.4524148878809,1.5,1.8000000000000114,-1.0040802460880514,0.0,-72.38410700655443,17.730096394298357,-81.17975397683423,8.694143379567075,-83.34880721155135,5.661566706682959,-89.14273301574539,-1.6125631923927513
79,0,192.20000000000002,129.44166926939386,1.5,1.7999999999999972,-1.0167664512250951,0.0,-73.63497818639193,14.79270040067067,-80.7339458723535,8.42260178451116,-83.44645791202021,5.187089095712535,-91.0598827098149,-2.550324531785326
80,0,194.0,128.41888198543072,1.5,1.7999999999999972,-1.02815589822292,0.0,-72.84579085001752,17.190882216238553,-79.73486416476013,8.780819650453399,-85.34847778852969,4.49842330722523,-90.23404306412081,-2.6265956813215467
81,0,195.8,127.38535747294802,1.5,1.7999999999999972,-1.0382340612697405,0.0,-74.31947568930823,14.97182875885038,-79.2331891068166,9.1518050497376,-82.97711712176935,4.257703686459806,-91.98607352853276,-3.9680763396692607
82,0,197.6,126.34241386289123,1.5,1.7999999999999972,-1.0469880869320605,0.0,-74.0930291777611,16.313285562143037,-79.55888051327648,10.022753112129337,-83.25025155063719,4.184159151131606,-88.94150089129893,-0.7175289774326375
83,0,199.4,125.2913812990839,1.5,1.8000000000000114,-1.0544068105476114,0.0,-74.24847853973836,15.839406098399852,-80.52638411532817,9.130599899026537,-83.90864384981266,5.842986327051773,-88.86074738003978,-0.8943950792163726
84,0,201.20000000000002,124.23360024179601,1.5,1.7999999999999972,-1.0604807704644728,0.0,-75.35913023947258,15.594773979389684,-78.51656085761796,11.907956251872614,-84.88785330207368,4.339460887454186,-89.11822197303762,-1.067725553086531
85,0,203.0,123.17041975815495,1.5,1.7999999999999972,-1.06520222010829,0.0,-73.4740602739946,16.610438614083925,-78.70003998990683,11.609056329376843,-84.94591267746333,4.491917758316741,-87.28843178520033,1.5637875354563626
86,0,204.8,122.10319580157943,1.5,1.7999999999999972,-1.068565137861924,0.0,-74.7564654303276,13.480559650677595,-79.77093691202198,9.58012584994661,-84.50155419950273,3.7277437597160636,-87.11911748400864,0.9463342488329745
87,0,206.6,121.0332894824311,1.5,1.7999999999999972,-1.0705652347453736,0.0,-74.31327407706951,15.114901241112314,-80.3563076989371,8.126102277504542,-83.14643570378539,6.172608771430443,-88.736091546133,1.0429938170893744
88,0,208.4,119.96206533208868,1.5,1.8000000000000114,-1.0711999598858455,0.0,-73.88666562859187,14.636889329943825,-78.90952095003264,10.327035386712785,-84.88518809116859,6.096624621876277,-91.06756585196885,-2.634600768475423
89,0,210.20000000000002,118.89088956265941,1.5,1.7999999999999972,-1.0704685037709751,0.0,-74.06311355570655,14.955251917631953,-79.33821670171932,10.33457578820982,-83.15401306476572,6.919779282622567,-87.7395214155358,3.7321725070697873
90,0,212.0,117.82112832454673,1.5,1.7999999999999972,-1.06837179928133,0.0,-73.93586122721041,16.670432206068813,-81.29895714964827,8.03862884713891,-85.10942702489459,4.4701635053824065,-87.78816435045458,1.1265954495508612
91,0,213.8,116.75414596409675,1.5,1.7999999999999972,-1.0649125205006342,0.0,-74.98775374506076,14.876508125550721,-79.64141053488314,9.38885029138569,-83.80419929504984,5.3116672231243,-88.05766872646713,1.3224816402434187
92,0,215.6,115.69130328354547,1.5,1.7999999999999972,-1.060095079305313,0.0,-75.51254907906161,13.232201247021736,-79.24517014725171,10.436134287838254,-83.36744096362264,5.801128263965505,-87.2255024144746,1.1021642565237395
93,0,217.4,114.63395580548612,1.5,1.8000000000000114,-1.053925619737626,0.0,-75.23494632734345,13.200525338206054,-80.64011114077158,8.415274278090875,-80.50426817641514,7.287509609122046,-89.77540131837124,0.9894556776479553
94,0,219.20000000000002,113.58345204407021,1.5,1.7999999999999972,-1.046412010169817,0.0,-77.29835863539536,11.909931796533796,-79.33454905666325,9.594295896914865,-85.03031356382218,4.6756069168250045,-85.9414127138338,4.3847742799060905
95,0,221.0,112.54113178514649,1.5,1.7999999999999972,-1.0375638332689405,0.0,-77.14385551494858,10.993847286345684,-81.31098344445435,8.335489509646248,-81.54993098276235,8.624687476461581,-89.47751787826711,0.21569363450702245
96,0,222.8,111.50832437753233,1.5,1.7999999999999972,-1.0273923737753492,0.0,-77.12772960228895,11.368681654712734,-77.96549057675196,11.069599694888284,-83.07505276783816,5.154863292514951,-87.40138766376744,0.9963740999484993
97,0,224.6,110.48634703759579,1.5,1.7999999999999972,-1.0159106041104664,0.0,-76.86968298286351,12.329346555618148,-78.07590257681836,11.428912214572215,-82.69967165781378,6.247561168257549,-90.29947925264337,-0.64182860768335
98,0,226.4,109.4765031693114,1.5,1.8000000000000114,-1.0031331678320399,0.0,-75.3250076025251,14.458747282829156,-79.88173128403963,9.592814042026067,-82.9889707205661,5.541189105207992,-89.36513342911057,-0.764890973179555
99,0,228.20000000000002,108.48008070193171,1.5,1.7999999999999972,-0.9890763609581938,0.0,-77.0222455797104,12.228614411995132,-79.14849968004769,9.13614223896997,-82.53491839607399,6.122558321583551,-86.40326453291287,4.2666151808678014
100,0,230.0,107.49835044739501,1.5,1.7999999999999972,-0.9737581111838267,0.0,-76.51951995510836,10.31020222546021,-82.48307879476141,6.262234227067207,-83.19030256350415,6.2497934246112195,-88.51000518745514,1.6342864583877499
101,0,231.8,106.53256447956406,1.5,1.7999999999999972,-0.957197955016106,0.0,-74.63576616385187,14.16425334401815,-80.98583671139906,9.222911800141715,-81.19799221261185,6.493357734987137,-87.16295392085729,2.401612611407051
102,0,233.6,105.5839545373628,1.5,1.7999999999999972,-0.9394170128581294,0.0,-76.75047893565194,11.752643527294893,-79.95824719616331,8.093136217393416,-83.4272657850266,6.378687271478377,-87.8603568724919,-0.3356038059728139
103,0,235.4,104.6537304538478,1.5,1.8000000000000114,-0.9204379620724765,0.0,-75.56502286846508,13.096094185085478,-80.90013755470771,6.304619575767875,-81.45713597014858,8.410364689470123,-88.24439128605827,0.42275923837287843
104,0,237.20000000000002,103.74307861321785,1.5,1.7999999999999972,-0.9002850080590576,0.0,-77.69637462431062,11.807003269682113,-78.76446707923569,8.555914526093964,-83.52503639288807,5.482718175982784,-86.45544411195799,3.523114501067665
105,0,239.0,102.85316043772968,1.5,1.7999999999999972,-0.8789838533841916,0.0,-76.94742246544416,9.489067512174735,-77.23337915012685,11.50653127422045,-82.75972929496986,4.403040130608988,-88.34955168292682,2.018065957109555
106,0,240.8,101.98511090644946,1.5,1.7999999999999972,-0.8565616650002141,0.0,-77.9646240011305,9.522889984006932,-81.05062057664706,7.592746362725152,-83.90905691239635,4.374476792361489,-90.17580553696581,0.07236692629138508
107,0,242.6,101.14003710772926,1.5,1.7999999999999972,-0.8330470395973819,0.0,-77.35394176214012,10.949532722504227,-80.65227241297845,7.76979995617525,-82.01158161037208,7.983540326540471,-88.97601709973155,-0.9306173195420449
108,0,244.4,100.3190168272547,1.5,1.8000000000000114,-0.8084699671324458,0.0,-76.06001355564351,10.373249670290653,-79.37342816054812,10.007413769935946,-80.7579897442993,5.951526050007816,-87.32374673724097,2.1894213252210384
109,0,246.20000000000002,99.52309717346436,1.5,1.7999999999999972,-0.7828617925801638,0.0,-79.2612020248449,9.483729848865995,-77.73122558573769,8.429422445560565,-82.5191100920018,6.053064454465625,-87.48344037234398,2.54866326617985
110,0,248.0,98.75329324209437,1.5,1.7999999999999972,-0.7562551759567455,0.0,-76.78587627818114,10.936874711264975,-81.13989583353333,7.361595080648293,-82.59628588846066,5.223564302691516,-89.81121025316823,-1.97545435490545
111,0,249.8,98.01058682155087,1.5,1.7999999999999972,-0.7286840506661107,0.0,-77.13938558411755,10.828519517207749,-79.38250375484117,9.93393777678388,-83.630889265226,5.685866619232522,-88.77244278827644,0.3214883054760837
112,0,251.6,97.29592514076215,1.5,1.7999999999999972,-0.7001835802220242,0.0,-78.253835453496,8.441722943401546,-77.5038453952885,9.540812316256277,-82.5013976292305,5.536677803735539,-88.57357886893033,0.6788185286353887
113,0,253.4,96.61021966110683,1.5,1.8000000000000114,-0.670790113401516,0.0,-79.39100596757662,8.27352374201614,-81.67926813716355,5.840737992839243,-84.0700542798907,4.732397888275314,-88.28613597659688,0.43503476767066873
114,0,255.20000000000002,95.95434491395912,1.5,1.7999999999999972,-0.6405411378865438,0.0,-77.68274940882621,10.046710311259588,-81.24183148504476,5.854393726669662,-83.18615152781557,5.6429306640138,-89.4704933349227,-2.066429119525747
115,0,257.0,95.32913738533374,1.5,1.7999999999999972,-0.6094752324531498,0.0,-78.51694794123621,8.40558735085567,-80.21984993586572,6.635964815093891,-81.75007776738363,7.989600598148532,-88.54501988698317,-4.875595679709743e-05
116,0,258.8,94.73539444905282,1.5,1.8000000000000114,-0.5776320177690408,0.0,-77.71327985663245,9.072838020892707,-80.34273047568644,6.8387221905438595,-80.37043824334991,7.628713650244189,-88.63662525882096,-0.17729746244953598
117,0,260.6,94.17387334979566,1.5,1.799999999999983,-0.5450521058624531,0.0,-78.0758878939405,8.602586727265338,-78.74888294741577,9.705512857854266,-78.51272722490266,9.837518315395078,-86.80749914029737,1.7069554509082574
118,0,262.4,93.64529023732791,1.5,1.8000000000000114,-0.5117770483265787,0.0,-76.28828377379166,9.34850236018381,-79.4394221294627,9.211974902119197,-82.51768430833515,4.228962970438492,-86.7331558391135,1.3570178598271232
119,0,264.20000000000005,93.1503192531425,1.5,1.8000000000000114,-0.4778492833256962,0.0,-78.60464860357074,7.472128313664041,-81.86416077728789,4.917153026795624,-80.02088194329238,8.749085944516967,-87.84954012282856,0.24154575893904112
120,0,266.0,92.68959167067652,1.5,1.799999999999983,-0.44331208147063705,0.0,-79.65132648877427,6.291277408835789,-79.11984620706433,9.32270598851716,-81.37963887080834,5.710492796231887,-88.11517321655641,0.1998249785313946
121,0,267.8,92.26369509020122,1.5,1.8000000000000114,-0.4082094906325011,0.0,-78.3124214781651,7.931623825949337,-80.43481696325377,6.380812781395726,-81.78196000408248,5.347131135395806,-87.44665396528048,1.1522872484426359
122,0,269.6,91.87317268941152,1.5,1.799999999999983,-0.3725862797652155,0.0,-78.3667068213146,8.246470079432969,-78.21512655776074,9.844248790079144,-81.00907292035778,6.428535104443091,-88.56395895785553,-0.6671310744891321
123,0,271.4,91.5185225306708,1.5,1.8000000000000114,-0.33648788180824596,0.0,-77.1015707489995,7.744566837593567,-80.49948736246957,5.9525017261784905,-81.38099333277434,4.700678963085074,-88.92942943102375,-1.2239728989752987
124,0,273.20000000000005,91.20019692579503,1.5,1.8000000000000114,-0.29996033574261105,0.0,-77.83111391078018,7.645527282797755,-80.51143362761012,5.9915571005764745,-81.24928930603734,6.141450224149551,-88.65030350954059,-0.6527805824137175
125,0,275.0,90.91860185918557,1.5,1.799999999999983,-0.26305022787396837,0.0,-78.50442995331487,8.145456798956344,-79.09841473211209,7.465292577352816,-81.79757994159854,6.059341118110359,-88.25225484117674,-1.976977888928401
126,0,276.8,90.67409647004709,1.5,1.8000000000000114,-0.22580463241757798,0.0,-77.27493488895364,7.487728031199339,-78.83167609348455,9.857935862195665,-82.91045326742643,4.281859040160525,-88.8547115349543,-0.7745446876758237
127,0,278.6,90.46699259435042,1.5,1.799999999999983,-0.18827105146107925,0.0,-80.55445279504602,4.0431599207145155,-79.20799800464619,7.497124388114372,-83.0095196899543,2.5524497798988284,-87.23174773761347,0.35128589392813303
128,0,280.4,90.29755436712493,1.5,1.8000000000000114,-0.15049735438147138,0.0,-79.99151483667096,5.329005216621768,-81.76605681998643,3.5724931265595092,-80.29701037755495,6.312569174855083,-86.51783858514624,0.9810228658949338
129,0,282.20000000000005,90.16599788558747,1.5,1.8000000000000114,-0.11253171679381069,0.0,-80.43043956899022,5.312687693451825,-79.09439716255991,7.468464650752555,-81.3359470983552,5.842570759365993,-89.2648854535646,-1.1466278557739127
130,0,284.0,90.07249093353731,1.5,1.799999999999983,-0.0744225591091805,0.0,-79.87993860283473,5.111727966614389,-80.97696746210256,4.407889469559276,-81.641465564071,3.3183434529367375,-87.29666534555632,-1.6274768489470126
131,0,285.8,90.01715276736911,1.5,1.8000000000000114,-0.036218484780555116,0.0,-81.15671575049595,4.810110232883362,-79.44827483898774,5.7245788082007785,-80.83743465596652,4.643602077047364,-87.5567679117963,-2.023148028283824
132,0,287.6,90.0000539639762,1.5,1.799999999999983,0.0020317816847779113,0.0,-78.83396876781079,6.682724244195419,-81.43293615611314,4.752904668020387,-79.81441772703538,7.107963747446395,-86.84862355878195,0.3640970778795601
133,0,289.4,90.02121633073867,1.5,1.8000000000000114,0.04027945686729595,0.0,-79.9532321076567,5.485774013976579,-79.18175146886404,6.200650504555914,-80.47178954583184,5.847677167793988,-87.23910479217298,-0.37011580098122526
134,0,291.20000000000005,90.08061287771079,1.5,1.8000000000000114,0.0784757606523101,0.0,-81.54093074455481,3.6090994436050536,-80.6771718159035,4.806344904408534,-81.39455972888902,4.922892735270885,-88.93258876264001,-2.040475704870693
135,0,293.0,90.17816785204329,1.5,1.799999999999983,0.11657197844290579,0.0,-81.08306605343986,5.434056484900156,-81.23936206503747,3.940421601996948,-79.05397092813872,8.308514733508382,-88.66736742922771,-2.3992553101843552
136,0,294.8,90.3137568345966,1.5,1.8000000000000114,0.1545195232893235,0.0,-79.57559871903513,4.870770851694477,-78.8335994343673,6.517274029009625,-78.54787382747787,7.591685017480569,-87.08095456459888,-0.028994441294412643
137,0,296.6,90.48720689862193,1.5,1.799999999999983,0.19226999785548315,0.0,-79.0325706038359,3.9379824547524747,-79.38923564660925,5.950668387524059,-79.76593258800187,6.418008814224643,-85.84501337700112,1.3053254339043574
138,0,298.4,90.69829683030757,1.5,1.8000000000000114,0.22977525614375338,0.0,-77.72784238047053,8.099291641277246,-80.4040588002259,2.9701624015316046,-79.10662442571352,8.61587258509064,-89.6993815513943,-3.0228667248705383
139,0,300.20000000000005,90.94675741090944,1.5,1.8000000000000114,0.26698746489913816,0.0,-76.71199812251506,7.443511634484025,-77.91301455327462,7.473651694858356,-78.69939127320575,6.583349759914299,-86.58980366661648,-0.6224249927348782
140,0,302.0,91.23227176010585,1.5,1.799999999999983,0.30385916461455054,0.0,-79.79519882724901,4.798360800865729,-80.16943561736795,3.833915190745763,-78.7474369129147,5.971790379393538,-85.5389551560852,-1.1604847426047664
141,0,303.8,91.55447574013854,1.5,1.8000000000000114,0.340343330059504,0.0,-81.5629629945738,3.9852104747790746,-79.58744726364742,3.989361335877569,-79.27952878391339,6.328095972359906,-87.11146076298911,-0.5407487520693863
142,0,305.6,91.91295842022485,1.5,1.8000000000000114,0.37639343025490746,0.0,-83.01619628839278,0.20351906965861155,-79.2877267250096,5.344158594758541,-79.21039174550172,6.3183784776947025,-86.22841252086093,0.597363011905819
143,0,307.40000000000003,92.30726260064836,1.5,1.799999999999983,0.4119634878174807,0.0,-80.21793293493941,3.290971719734248,-80.33761661334371,4.362577858040949,-79.21583564909682,5.457114306442687,-87.69265788858714,-1.4329381426715952
144,0,309.2,92.73688539585982,1.5,1.799999999999983,0.44700813759810387,0.0,-81.59541002636165,1.6501720073848147,-79.01142563679372,5.0277297006555655,-81.06630571801605,3.123607006717186,-86.95202410828401,-2.013137248434095
145,0,311.0,93.20127887584457,1.5,1.8000000000000114,0.48148268453942933,0.0,-81.19827671496282,2.7170325677703127,-80.19891281641029,5.027486930815572,-78.81775058432822,7.972422755815075,-88.71317782413598,-2.629936300914369
146,0,312.8,93.69985076493867,1.5,1.8000000000000114,0.5153431606788388,0.0,-81.51362937743819,3.420270029258863,-80.03396118654541,3.428240016270424,-81.1937537690826,3.941629455656402,-89.54007534041506,-3.40253986279968
147,0,314.6,94.23196519720224,1.5,1.8000000000000114,0.548546381224007,0.0,-81.0266494896433,4.013923170649409,-77.88533212293088,6.3062453605649615,-80.42749230814273,3.797512602753402,-85.553809122276,1.0507773791663033
148,0,316.40000000000003,94.79694352738669,1.5,1.799999999999983,0.5810499996297267,0.0,-79.65645676613079,5.232157245593407,-80.74903925940104,3.288261223608831,-77.81592627578782,7.6700477265067954,-87.82486829903733,-3.25607723316364
149,0,318.2,95.3940651964617,1.5,1.799999999999983,0.6128125616056153,0.0,-80.82447550459334,2.7664756693129853,-82.37487465081242,2.088031841073486,-78.27720671561232,6.336719223566183,-87.14673486853646,-2.1421511398598168
150,0,320.0,96.02256865059792,1.5,1.8000000000000114,0.6437935579858731,0.0,-81.27998642037717,1.653695560079978,-77.52503380151975,7.200133572568075,-77.40489606772117,7.047798833287719,-88.22053970765063,-2.5167931052176673
151,0,321.8,96.68165231243344,1.5,1.8000000000000114,0.6739534763935922,0.0,-82.40851120121191,2.484181890036239,-76.37705358400999,7.327525500944341,-79.41912604942202,5.645311582410789,-88.20496092592046,-3.1286282079108005
152,0,323.6,97.3704756033851,1.5,1.8000000000000114,0.7032538516339173,0.0,-83.25087988735368,1.2949915347061172,-79.9001826123809,5.205847913025626,-80.37820273719744,3.1684922681384915,-86.67727231280884,-2.611788675556541
153,0,325.40000000000003,98.08816001570128,1.5,1.799999999999983,0.7316573147515726,0.0,-81.89981451835395,3.471476317460615,-81.71525848811282,2.884308658729442,-79.18546738825872,5.648464918159522,-87.29931232223326,-2.07470605764928
154,0,327.2,98.83379023288825,1.5,1.799999999999983,0.7591276406901883,0.0,-81.4552383120904,4.196756358292154,-79.74046852504516,3.324488042101243,-78.67500369173105,7.384939569761851,-85.92489177653026,-0.6307046435251409
155,0,329.0,99.60641529708165,1.5,1.8000000000000114,0.7856297944929125,0.0,-79.34312471972824,5.9504419596744045,-79.68789534857517,3.359799556899247,-78.60222364835148,6.2842215336284255,-85.78953519036484,-0.9446456044650926
156,0,330.8,100.40504982187407,1.5,1.8000000000000114,0.8111299759850894,0.0,-81.38175632293223,4.507472107585796,-79.54864809197623,5.098725338967983,-77.23524517997842,6.967426773558296,-85.90117595500512,-1.0026818135030784
157,0,332.6,101.22867524905183,1.5,1.8000000000000114,0.8355956628821275,0.0,-80.43176287773899,5.136180427000587,-80.63295771904507,3.8966462723034634,-78.92693507953754,5.1674005128550675,-85.95298213378042,-1.4836510407112553
158,0,334.40000000000003,102.07624114763833,1.5,1.799999999999983,0.8589956522675521,0.0,-82.28270360302321,3.6343592099724673,-78.57748419883617,6.101658593631451,-77.96783154216095,6.206543124563532,-84.29858600548951,1.5190707470388334
159,0,336.2,102.94666655358694,1.5,1.799999999999983,0.8813001003884935,0.0,-83.17752768119324,1.8648316043865316,-78.61960172724044,6.181590579072049,-79.47261968717271,4.835725727245016,-87.4251267572541,-3.546547388428989
160,0,338.0,103.83884134841531,1.5,1.8000000000000114,0.902480560717656,0.0,-82.98534185035247,2.5944548223966555,-81.018414877746,4.053338131084857,-77.64103275236769,6.583326404867235,-86.16154895756054,-2.0627298262137685
161,0,339.8,104.75162767502225,1.5,1.8000000000000114,0.9225100202332186,0.0,-82.76865148072653,3.2335819537482657,-78.36235349696676,7.360638105554859,-78.07200407086842,7.208920492940237,-84.68752408241689,-0.1350051390607984
162,0,341.6,105.68386138888175,1.5,1.8000000000000114,0.9413629338706073,0.0,-79.41497746535036,7.211149101879183,-76.71465437786877,7.440536566145314,-78.86902988654357,4.319678303776525,-84.47994654215753,0.7475707231390908
163,0,343.40000000000003,106.63435354276346,1.5,1.799999999999983,0.9590152571020099,0.0,-83.02515814449069,2.757623043157081,-78.948319459675,5.2427979054301455,-78.14499352357785,7.153342600123081,-87.65367712493315,-4.340985458329791
164,0,345.2,107.60189190308577,1.5,1.799999999999983,0.9754444766021919,0.0,-81.10326068686062,5.542301513303033,-79.53665136960768,4.807186433055234,-77.97500647874863,6.369417909437893,-86.27208442720736,-2.8178516112310605
165,0,347.0,108.58524249596785,1.5,1.8000000000000114,0.9906296389613374,0.0,-83.26252215321608,2.88666964326032,-79.27993473437762,6.264431510470998,-77.9694617592507,7.025585943707242,-84.21674761779926,-1.3469179323325329
166,0,348.8,109.58315118100845,1.5,1.8000000000000114,1.0045513774085748,0.0,-81.13029856369457,5.27273401952727,-78.34946064030235,8.059137602381988,-75.41026044670039,8.432719640748186,-85.18557850997568,-0.6561997274789713
167,0,350.6,110.594345250785,1.5,1.8000000000000114,1.0171919365118924,0.0,-81.85504217447334,5.442394728555441,-81.14346950028309,4.027902820780234,-77.54394702869993,8.320246580952453,-85.50929175812874,-1.891843141973574
168,0,352.40000000000003,111.61753505403223,1.5,1.799999999999983,1.0285351948228296,0.0,-82.57337124867298,2.603887365596817,-78.84903587957957,4.773960273830635,-77.60781140142166,8.25219929649514,-85.95272482330937,-1.7337605278821546
169,0,354.2,112.65141564043066,1.5,1.799999999999983,1.0385666854374946,0.0,-82.50237240540578,3.3707463120424057,-79.49533870388754,4.877544960395154,-79.72082005591689,5.97790919857821,-86.09953068829994,-1.0237050923309514
170,0,356.0,113.69466842490722,1.5,1.8000000000000114,1.047273614447242,0.0,-83.3068864041938,2.556528317760349,-76.79079505805505,8.394075804677499,-78.16512670716581,5.626851690640632,-85.24015279553774,-1.180983332326996
171,0,357.8,114.74596286932514,1.5,1.8000000000000114,1.0546448772556758,0.0,-82.05317272651376,3.2678121787621146,-79.19961078329003,6.323909893609411,-77.29545981516297,8.449334149521153,-85.83549988507923,-1.046886317739215
172,0,359.6,115.80395817941857,1.5,1.8000000000000114,1.0606710727411865,0.0,-83.2013935758792,3.5820077137687636,-76.97266088981401,8.791588888575866,-77.69002327299927,7.797868052424015,-85.52997950738104,-1.1292445609602293
173,0,361.40000000000003,116.86730501480751,1.5,1.799999999999983,1.0653445152469274,0.0,-84.19273086935007,3.8699581791200712,-80.28332919303014,5.96227081207707,-75.09575433627393,8.871135094513349,-85.33041001325441,-0.11054596770017089
174,0,363.2,117.93464720991243,1.5,1.799999999999983,1.0686592443828928,0.0,-84.32175610966499,3.0491785700547416,-78.24012179196032,7.851165423556191,-76.83814829527489,8.484990722503,-86.18387707260814,-1.074379853031332
175,0,365.0,119.0046235035733,1.5,1.8000000000000114,1.0706110326276104,0.0,-82.64698844008583,5.243937760191955,-78.54890749390789,8.75902358592966,-74.98016699409902,10.749650712742108,-84.67672893915147,-0.4485111663278978
176,0,366.8,120.07586927516765,1.5,1.8000000000000114,1.071197390719881,0.0,-81.02468193940017,7.710977574517304,-79.9638443844446,6.093048345439142,-76.3380309030405,9.644536333788613,-81.76292469197361,2.9413176606630813
177,0,368.6,121.14701828501306,1.5,1.8000000000000114,1.070417570833456,0.0,-82.79273177302771,6.262627169296348,-78.69843677129043,7.339776747582947,-76.25292019933767,9.529767785056197,-87.33678866786565,-1.6003322391370078
178,0,370.40000000000003,122.21670441683456,1.5,1.799999999999983,1.0682725675308546,0.0,-83.19184837923244,4.871911154743013,-77.44821518615157,9.794067543826312,-76.28944840403051,9.690984588302683,-84.75963990568728,0.5235789473524004
179,0,372.2,123.28356342007477,1.5,1.799999999999983,1.0647651164948613,0.0,-82.77087931257358,6.553466094958983,-79.28538814264348,6.476784899981359,-76.0634586585955,10.972578010119094,-86.00440875920664,-2.0817997360871483
180,0,374.0,124.34623464982428,1.5,1.8000000000000114,1.0598996910395257,0.0,-81.61068128012924,6.82307282384147,-80.92253786324214,6.511432391647947,-73.89044364300304,13.060087271821114,-84.34271065485997,1.2980669754780412
181,0,375.8,125.40336280215382,1.5,1.8000000000000114,1.053682496405088,0.0,-82.97825787775224,4.826255787541401,-78.91041253635161,8.425038620532222,-78.62141431358751,5.16977694623027,-84.92283734384587,-0.5938674886990601
182,0,377.6,126.45359964263446,1.5,1.8000000000000114,1.0461214618438746,0.0,-83.79787999295161,4.31086189030508,-79.97127039839715,7.294674137957892,-78.12455719764672,7.82374605260975,-84.00730489525368,2.403827522932469
183,0,379.40000000000003,127.49560572584157,1.5,1.799999999999983,1.0372262305075566,0.0,-82.0400840728066,5.464690362285967,-79.30012494487286,9.483821202156571,-76.25930011789433,9.93064597478643,-83.45347124844045,2.7352903409287364
184,0,381.2,128.52805210364957,1.5,1.799999999999983,1.0270081471485,0.0,-82.91559441123793,5.16283138035762,-78.99015341488953,8.153410997786562,-75.47485912388026,9.566237232687538,-84.57545914061795,1.1179889328375407
185,0,383.0,129.54962202013857,1.5,1.8000000000000114,1.015480243651055,0.0,-81.64927042931505,6.947458346451226,-80.94398849273693,8.471809391836729,-74.54899955769197,12.091623175442795,-83.3899366818079,2.292934373845207
186,0,384.8,130.55901259095168,1.5,1.8000000000000114,1.0026572224109032,0.0,-83.33397099635071,6.280437724710228,-80.84301995631463,6.86829749928731,-74.69431468705152,12.993555472109234,-87.5033543786717,-2.014679016038795
187,0,386.6,131.55493646496038,1.5,1.8000000000000114,0.9885554375840258,0.0,-85.08448435847617,5.345987354080832,-78.33487553750689,8.656807778906558,-75.60809525841817,10.335879727935517,-82.72322722977813,3.5773567526145773
188,0,388.40000000000003,132.53612346611973,1.5,1.799999999999983,0.9731928742290705,0.0,-85.31777151176233,2.7063168346175788,-79.55187520566358,8.63618452138039,-73.80923572072068,13.397946466597825,-84.12305729728315,1.4427649698072331
189,0,390.2,133.50132221341852,1.5,1.799999999999983,0.9565891253696464,0.0,-81.75531093395514,7.7581904405819655,-82.01571797910061,5.371102158882348,-73.68106585707628,12.649323773945719,-83.22088389803447,2.937275785373052
190,0,392.0,134.44930171685903,1.5,1.8000000000000114,0.9387653670058711,0.0,-81.72804993317939,6.701374126393221,-78.01179673286012,9.746851366112505,-74.5817803881283,12.068567794082488,-85.91912649074749,0.8577196047521731
191,0,393.8,135.37885294743026,1.5,1.8000000000000114,0.9197443311069833,0.0,-84.07147200708651,5.625785433956987,-78.64453542709568,10.141613879509864,-73.53295622504926,14.961196275078647,-85.39300835796827,0.3485271886729851
192,0,395.6,136.288790379073,1.5,1.8000000000000114,0.8995502766196779,0.0,-84.37504528277759,4.886074788767497,-79.84798929555222,9.169401940461658,-74.246616978969,12.755153717998988,-84.16161041764974,1.6499325150655442
193,0,397.40000000000003,137.17795350066962,1.5,1.799999999999983,0.8782089585287736,0.0,-82.2202260531923,5.722227741657356,-80.59368721677991,7.581550957790946,-75.13336710568257,12.794709883435393,-84.29769054686386,1.1664073425420196
194,0,399.2,138.04520829613054,1.5,1.799999999999983,0.8557475950099871,0.0,-85.36071587283826,4.822861586941576,-78.0348586045532,11.523451413221046,-73.50814859113099,12.674278482047576,-83.87794233148672,1.8064787680216239
195,0,401.0,138.8894486906896,1.5,1.8000000000000114,0.8321948327165671,0.0,-85.16379470591345,3.819374173839255,-78.64511914359933,11.139789086296577,-74.09886957006842,15.189782463103173,-82.85647100485572,2.3342730218096164
196,0,402.8,139.70959796156367,1.5,1.8000000000000114,0.8075807102440677,0.0,-83.37554725264908,5.68311882791888,-76.23388733169713,13.859424094248965,-74.11619429106715,14.282125489107875,-86.21631744857956,1.1392524937459907
197,0,404.6,140.50461011117773,1.5,1.8000000000000114,0.7819366198199162,0.0,-84.67803539820686,3.9628955585400134,-78.61959083638898,10.828193360834772,-72.23655495844974,15.64875281222278,-82.86954783816488,5.468054915498316
198,0,406.40000000000003,141.2734712012035,1.5,1.799999999999983,0.7552952672665043,0.0,-84.26717522174924,4.709373673277474,-78.69149101109134,11.497882824874155,-76.83151838633434,11.772758556103883,-83.96819851213073,4.181548289405027
199,0,408.2,142.01520064571073,1.5,1.799999999999983,0.7276906302890467,0.0,-84.51322760487862,5.324588905193232,-79.3920454782563,8.27051200037273,-75.4781110723418,11.647546204947941,-84.16262437376616,1.6649827080500794
200,0,410.0,142.7288524617816,1.5,1.8000000000000114,0.6991579151412992,0.0,-83.96761913972493,5.364317993663221,-78.24864234234951,10.72679206651426,-75.0878038927559,14.21827347786965,-85.62333204613462,2.203726119043332
201,0,411.8,143.41351647599333,1.5,1.8000000000000114,0.6697335117243455,0.0,-82.73888648061744,6.987541540304799,-78.51771746667225,10.074826208951709,-73.98563338993569,14.21837210002476,-83.19421652396888,5.308782358791339
202,0,413.6,144.0683194852303,1.5,1.8000000000000114,0.6394549471759206,0.0,-84.37386132636891,5.351738954050285,-77.80675789956588,11.624827545055554,-73.7415800686116,14.65784094158186,-86.63467452792605,0.48250244574444584
203,0,415.40000000000003,144.69242637034517,1.5,1.799999999999983,0.6083608380091334,0.0,-83.76407672599571,6.693562995171789,-79.9773391055494,8.945293162272252,-75.13105158276318,13.133877981641929,-82.89954722905073,4.780452648295104
204,0,417.2,145.28504116124856,1.5,1.799999999999983,0.5764908408620357,0.0,-87.05079105454207,2.0337290923051343,-79.91903035569027,9.364831202379701,-74.39049067893518,13.894674917852209,-85.4080427443231,0.6993440607872006
205,0,419.0,145.84540805206925,1.5,1.8000000000000114,0.5438856019205645,0.0,-84.70236915407551,3.4252541133241663,-80.0180689986183,10.934761767755003,-74.12712656293948,15.265356002375235,-83.49329901055957,4.547032418123605
206,0,420.8,146.3728123650897,1.5,1.8000000000000114,0.5105867050793336,0.0,-85.70864777871707,4.397475080374077,-78.54254655401357,10.792294421232532,-70.03074127854546,19.093198725946873,-83.64043755508511,3.4470236054790186
207,0,422.6,146.8665814622279,1.5,1.8000000000000114,0.4766366189066673,0.0,-86.21175439094031,2.711685508102954,-77.74352594685355,12.074808435250539,-70.70275233461939,18.81553211450554,-82.03404625119597,6.173209874401095
208,0,424.40000000000003,147.32608560290302,1.5,1.799999999999983,0.44207864248124906,0.0,-85.85491322172871,4.154923386556347,-80.14389570114469,9.167384640422215,-73.24373250937607,15.818797911749604,-83.59202325265524,3.3134267443057857
209,0,426.2,147.7507387471904,1.5,1.799999999999983,0.4069568501695784,0.0,-85.25357657148689,4.0942841298258426,-80.15631320227556,9.40423294446667,-73.07026017975257,16.477373240912385,-84.15085398154822,4.542091935763313
210,0,428.0,148.13999930324218,1.5,1.8000000000000114,0.37131603541460834,0.0,-83.80459233210617,5.048354759322631,-79.32451503717391,10.176229992941106,-73.89680699645739,14.967353408331759,-83.86618533344728,5.3134775841175
211,0,429.8,148.49337081801963,1.5,1.8000000000000114,0.33520165360737053,0.0,-86.54594542335549,2.60158929747267,-80.05260866823409,9.791026097380199,-74.6907349768595,16.348958771165197,-81.67131941764904,6.160499472519362
212,0,431.6,148.81040261045692,1.5,1.8000000000000114,0.29865976411430495,0.0,-84.9676704231992,5.3665449850909095,-78.67292019137429,11.726463177153267,-72.42380654750262,15.628787673384995,-82.49590023612835,5.147928160370546
213,0,433.40000000000003,149.09069034624824,1.5,1.799999999999983,0.26173697153430453,0.0,-85.63514476192299,4.69926431041463,-82.57654772173659,8.1838340456898,-73.36284430368578,16.99810824337688,-83.5430710833156,3.3769589189825453
214,0,435.2,149.33387655352553,1.5,1.799999999999983,0.22448036626036583,0.0,-85.49662592000489,3.1259612148666127,-80.92677028936933,8.731957301066478,-72.14836222508983,18.33755127616242,-83.30510987623079,5.214360597258965
215,0,437.0,149.53965107876897,1.5,1.8000000000000114,0.18693746442176007,0.0,-83.94895392977165,4.635702919650974,-80.93515037010275,8.909406403096032,-73.84711001962775,14.896157605401473,-84.84326672022152,3.5078842387270996
216,0,438.8,149.70775148236905,1.5,1.8000000000000114,0.14915614728316484,0.0,-84.5549435063446,4.647480914629597,-82.8433606510986,5.5641830790425395,-72.7207159669133,18.515043496697704,-82.43800710691585,5.217310173407002
217,0,440.6,149.8379633733353,1.5,1.8000000000000114,0.11118460017800658,0.0,-83.64380228220418,3.9018899484450946,-81.27907783939604,7.927724260558303,-71.5066086451208,18.763340487482573,-84.957740279251,4.376215431356799
218,0,442.40000000000003,149.93012068272506,1.5,1.799999999999983,0.07307125105421619,0.0,-85.48167015748128,2.8840246422646674,-81.28571316621957,8.686183746012206,-71.12323374531489,19.14226809340938,-81.88587627899211,6.796626247309537
219,0,444.2,149.98410587544373,1.5,1.799999999999983,0.034864708710486525,0.0,-86.17856963137315,1.7736041977996364,-80.49464254668916,9.354212312581723,-70.93854290066068,18.581279028694563,-82.5760645773427,5.672133017613268
220,0,446.0,149.99985010014603,1.5,1.8000000000000114,-0.003386299198311349,0.0,-85.65884290283564,2.435771484963681,-78.98446823315622,10.27134296776709,-72.9000238524416,16.42617073736021,-79.80877767476409,8.917877367716944
221,0,447.8,149.9773332770471,1.5,1.8000000000000114,-0.041632988307028995,0.0,-85.14559586903644,1.8992179279887473,-80.68167296298407,9.038630576351013,-70.1648655075759,19.163905646982528,-83.93634632641923,6.147616462131738
222,0,449.6,149.91658412353198,1.5,1.8000000000000114,-0.07982657975856,0.0,-85.2706970889989,1.0349833311068444,-81.6929566070904,7.629940215783526,-72.02495485848726,17.773851089078324,-82.68282059129884,7.078005562364127
223,0,451.40000000000003,149.81768011753,1.5,1.799999999999983,-0.1179183624152671,0.0,-86.82946515616439,-1.0464733553186005,-80.59345846748171,9.210819267418582,-70.17870293502777,20.412496151035338,-80.34552647482484,8.875321078516901
224,0,453.2,149.68074739870144,1.5,1.799999999999983,-0.15585975498382254,0.0,-85.46485546512385,0.9452979998794735,-79.33593763002597,9.648224751597205,-70.82363069409226,18.76936500307517,-81.01807810817989,8.843195298687258
225,0,455.0,149.50596060756234,1.5,1.8000000000000114,-0.19360236797460573,0.0,-85.34445072161634,1.4544137938101949,-81.8365781390385,6.5353266574086595,-72.33466825272868,16.355696842539643,-83.22792800513672,5.24508876982126
226,0,456.8,149.29354266275223,1.5,1.8000000000000114,-0.23109806541647515,0.0,-82.64188380596933,4.150600044645151,-81.82919757492705,6.995139790082432,-70.93412224832846,19.11046752633474,-82.06892041657993,7.389033844264216
227,0,458.6,149.0437644767294,1.5,1.8000000000000114,-0.26829902624804447,0.0,-83.45482232060161,4.983148679390685,-80.13787904678661,5.968202397670611,-69.987640576964,20.093894897681295,-82.28099622288852,7.293717832837235
228,0,460.40000000000003,148.75694461025614,1.5,1.799999999999983,-0.30515780530757297,0.0,-86.77477538697387,0.8596993450855357,-81.14611392564579,7.501626958463334,-69.56182364631239,20.26022529060753,-81.89129562685339,7.208919318944459
229,0,462.2,148.43344886611425,1.5,1.799999999999983,-0.3416273938432681,0.0,-86.13926442147933,-0.2969909185447164,-80.1758786391603,5.133983724292339,-70.33802667281836,19.504655596852746,-83.01486657092232,6.823198569306095
230,0,464.0,148.0736898225696,1.5,1.8000000000000114,-0.37766127946702,0.0,-87.59373865420912,-0.8401617480752568,-81.04223857599247,5.691341132211457,-68.20260253054305,20.76928540205178,-82.23102938182996,6.642292136749834
231,0,465.8,147.6781263071802,1.5,1.8000000000000114,-0.41321350547521263,0.0,-86.58935281640879,-0.574522825050972,-80.25723764238397,8.097204891082383,-68.7043850786202,19.677930880391248,-83.9895175547142,5.918314527883456
232,0,467.6,147.24726281161918,1.5,1.8000000000000114,-0.44823872946062693,0.0,-85.5443763450135,0.43574259450012914,-82.41502709582986,5.83795111109098,-70.0951845786707,18.267332164238454,-81.85835890966746,8.079743050429524
233,0,469.40000000000003,146.78164884825895,1.5,1.799999999999983,-0.4826922811411265,0.0,-84.5183873254508,1.707045652692285,-81.26142164778088,5.555105089485829,-68.76242289006773,18.912700585877182,-81.42980474172333,5.724061534408152
234,0,471.2,146.28187824933693,1.5,1.799999999999983,-0.5165302193309032,0.0,-86.88234256098185,-0.4374232594681411,-81.57398306506775,5.476252781090036,-67.21943430067898,21.87508354835536,-82.19275303578675,8.23242520822769
235,0,473.0,145.74858840959715,1.5,1.8000000000000114,-0.5497093879819204,0.0,-86.83417852065601,-1.2803517546716334,-82.854669555519,5.733411606747771,-67.06740544531577,21.68749796767088,-83.80865607410743,3.2059045555155277
236,0,474.8,145.1824594733731,1.5,1.8000000000000114,-0.5821874712241737,0.0,-88.66745057245097,-2.1118597581182486,-83.34639314389214,3.628400421447686,-70.77676101999386,17.60506152832518,-80.63585422662904,8.298145683942597
237,0,476.6,144.5842134671488,1.5,1.8000000000000114,-0.6139230473341826,0.0,-86.32715338929599,-1.6529209481101994,-80.72207818378358,8.303642448396792,-70.3019945462004,15.975139749813579,-81.33693881104979,8.878849199705865
238,0,478.40000000000003,143.95461337870472,1.5,1.799999999999983,-0.6448756415632317,0.0,-87.44786114100968,-1.967375861637489,-82.04098117411519,5.057593231238571,-67.29976423849686,20.247724566340388,-82.59866856623512,6.5062511211016405
239,0,480.2,143.29446218402234,1.5,1.7999999999999545,-0.6601511946823848,0.0,-86.84906903474408,0.5968192855113261,-82.92150648893873,4.373481396290376,-70.24838258673704,19.09348358792811,-82.01808342879603,6.125608710241003
