Step,ue0_x,ue0_y,ue0_height,ue0_direction,ue0_connected_bs,ue0_los_probability,ue0_los_state,ue0_pathloss,ue0_shadow_fading,ue0_rsrp,ue0_sinr,ue0_speed,ue0_handover,ue0_bs1_idx,ue0_bs1_rsrp,ue0_bs2_idx,ue0_bs2_rsrp,ue0_bs3_idx,ue0_bs3_rsrp,ue0_bs4_idx,ue0_bs4_rsrp,ue0_bs5_idx,ue0_bs5_rsrp
0,4108.13,4166.50,1.50,0,0,0.04,NLOS,122.30,2.78,-104.87,5.38,29.27,0,3,-111.90,6,-115.65,2,-129.49,1,-138.55,5,-141.56
1,4116.26,4166.50,1.50,0,0,0.04,NLOS,122.19,2.78,-104.76,5.41,29.27,0,3,-111.82,6,-115.60,2,-129.34,1,-138.54,5,-141.48
2,4124.39,4166.50,1.50,0,0,0.04,NLOS,122.09,2.78,-104.66,5.44,29.27,0,3,-111.74,6,-115.54,2,-129.18,1,-138.53,5,-141.40
3,4132.52,4166.50,1.50,0,0,0.04,NLOS,122.00,2.78,-104.56,5.46,29.27,0,3,-111.66,6,-115.49,2,-129.02,1,-138.52,5,-141.32
4,4140.65,4166.50,1.50,0,0,0.04,NLOS,121.91,-9.63,-92.06,17.37,29.27,0,6,-110.96,3,-116.41,4,-121.98,1,-127.45,2,-131.25
5,4148.78,4166.50,1.50,0,0,0.04,NLOS,121.82,-9.63,-91.97,17.40,29.27,0,6,-110.91,3,-116.33,4,-121.95,1,-127.44,2,-131.09
6,4156.92,4166.50,1.50,0,0,0.05,NLOS,121.74,-9.63,-91.89,17.42,29.27,0,6,-110.85,3,-116.25,4,-121.92,1,-127.43,2,-130.93
7,4165.05,4166.50,1.50,0,0,0.05,NLOS,121.67,-9.63,-91.82,17.44,29.27,0,6,-110.80,3,-116.16,4,-121.89,1,-127.42,2,-130.77
8,4173.18,4166.50,1.50,0,0,0.05,NLOS,121.60,-29.05,-72.33,20.57,29.27,0,2,-92.92,1,-116.43,5,-132.91,3,-134.62,6,-135.45
9,4181.31,4166.50,1.50,0,0,0.05,NLOS,121.54,-29.05,-72.27,20.46,29.27,0,2,-92.75,1,-116.42,5,-132.83,3,-134.53,6,-135.40
10,4189.44,4166.50,1.50,0,0,0.05,NLOS,121.49,-29.05,-72.22,20.35,29.27,0,2,-92.59,1,-116.42,5,-132.74,3,-134.45,6,-135.35
11,4197.57,4166.50,1.50,0,0,0.05,NLOS,121.44,-29.05,-72.17,20.22,29.27,0,2,-92.41,1,-116.41,5,-132.66,3,-134.37,6,-135.29
12,4205.70,4166.50,1.50,0,0,0.05,NLOS,121.40,9.41,-110.59,-2.28,29.27,0,2,-109.42,3,-117.01,1,-120.13,4,-130.82,5,-131.19
13,4213.83,4166.50,1.50,0,0,0.05,NLOS,121.37,9.41,-110.56,-2.40,29.27,0,2,-109.25,3,-116.93,1,-120.13,4,-130.79,5,-131.11
14,4221.96,4166.50,1.50,0,0,0.05,NLOS,121.34,9.41,-110.53,-2.52,29.27,0,2,-109.07,3,-116.85,1,-120.13,4,-130.75,5,-131.02
15,4230.09,4166.50,1.50,0,0,0.05,NLOS,121.32,9.41,-110.51,-2.65,29.27,0,2,-108.89,3,-116.77,1,-120.12,4,-130.72,5,-130.94
16,4238.22,4166.50,1.50,0,0,0.05,NLOS,121.31,-3.43,-97.66,8.51,29.27,0,2,-108.42,3,-111.56,4,-117.14,1,-122.32,6,-132.62
17,4246.35,4166.50,1.50,0,0,0.05,NLOS,121.30,-3.43,-97.65,8.38,29.27,0,2,-108.24,3,-111.47,4,-117.11,1,-122.32,6,-132.57
18,4254.48,4166.50,1.50,0,0,0.05,NLOS,121.30,-3.43,-97.65,8.25,29.27,0,2,-108.05,3,-111.39,4,-117.08,1,-122.32,6,-132.52
19,4262.61,4166.50,1.50,0,0,0.05,NLOS,121.31,-3.43,-97.66,8.10,29.27,0,2,-107.87,3,-111.31,4,-117.05,1,-122.32,6,-132.46
20,4270.75,4166.50,1.50,0,0,0.05,NLOS,121.32,-0.19,-100.91,-1.08,29.27,0,2,-100.35,5,-110.51,4,-116.86,1,-123.82,6,-135.73
21,4278.88,4166.50,1.50,0,0,0.05,NLOS,121.34,-0.19,-100.93,-1.27,29.27,0,2,-100.16,5,-110.42,4,-116.83,1,-123.83,6,-135.68
22,4287.01,4166.50,1.50,0,0,0.05,NLOS,121.37,-0.19,-100.96,-1.48,29.27,0,2,-99.96,5,-110.33,4,-116.80,1,-123.83,6,-135.63
23,4295.14,4166.50,1.50,0,0,0.05,NLOS,121.41,-0.19,-100.99,-1.70,29.27,0,2,-99.77,5,-110.25,4,-116.77,1,-123.83,6,-135.57
24,4296.73,4166.50,1.50,2,0,0.05,NLOS,121.41,-8.88,-92.32,13.91,29.27,0,3,-107.83,2,-114.06,4,-116.23,1,-121.16,6,-131.66
25,4288.60,4166.50,1.50,2,0,0.05,NLOS,121.38,-8.88,-92.28,14.04,29.27,0,3,-107.91,2,-114.25,4,-116.26,1,-121.16,6,-131.71
26,4280.47,4166.50,1.50,2,0,0.05,NLOS,121.35,-8.88,-92.25,14.16,29.27,0,3,-107.99,2,-114.44,4,-116.29,1,-121.16,6,-131.77
27,4272.34,4166.50,1.50,2,0,0.05,NLOS,121.33,-8.88,-92.23,14.27,29.27,0,3,-108.07,2,-114.63,4,-116.32,1,-121.15,6,-131.82
28,4264.21,4166.50,1.50,2,0,0.05,NLOS,121.31,-9.06,-92.04,24.63,29.27,0,2,-119.61,1,-121.67,5,-131.01,6,-133.03,4,-133.40
29,4256.08,4166.50,1.50,2,0,0.05,NLOS,121.30,-9.06,-92.03,24.74,29.27,0,2,-119.79,1,-121.67,5,-131.10,6,-133.09,4,-133.43
30,4247.95,4166.50,1.50,2,0,0.05,NLOS,121.30,-9.06,-92.03,24.84,29.27,0,2,-119.98,1,-121.67,5,-131.18,6,-133.14,4,-133.46
31,4239.82,4166.50,1.50,2,0,0.05,NLOS,121.30,-9.06,-92.03,24.93,29.27,0,2,-120.16,1,-121.67,5,-131.27,6,-133.19,4,-133.49
32,4231.69,4166.50,1.50,2,0,0.05,NLOS,121.32,-2.91,-98.19,8.49,29.27,0,1,-108.14,3,-113.86,5,-119.73,4,-123.82,2,-124.43
33,4223.56,4166.50,1.50,2,0,0.05,NLOS,121.34,-2.91,-98.21,8.49,29.27,0,1,-108.15,3,-113.94,5,-119.81,4,-123.85,2,-124.61
34,4215.42,4166.50,1.50,2,0,0.05,NLOS,121.36,-2.91,-98.23,8.49,29.27,0,1,-108.15,3,-114.03,5,-119.90,4,-123.88,2,-124.78
35,4207.29,4166.50,1.50,2,0,0.05,NLOS,121.39,-2.91,-98.26,8.48,29.27,0,1,-108.15,3,-114.11,5,-119.98,4,-123.91,2,-124.96
36,4199.16,4166.50,1.50,2,0,0.05,NLOS,121.43,-3.08,-98.13,12.47,29.27,0,2,-111.46,5,-122.30,3,-122.66,6,-125.81,1,-138.64
37,4191.03,4166.50,1.50,2,0,0.05,NLOS,121.48,-3.08,-98.18,12.58,29.27,0,2,-111.63,5,-122.38,3,-122.75,6,-125.87,1,-138.64
38,4182.90,4166.50,1.50,2,0,0.05,NLOS,121.53,-3.08,-98.23,12.68,29.27,0,2,-111.80,5,-122.47,3,-122.83,6,-125.92,1,-138.65
39,4174.77,4166.50,1.50,2,0,0.05,NLOS,121.59,-3.08,-98.29,12.77,29.27,0,2,-111.97,5,-122.55,3,-122.91,6,-125.97,1,-138.65
40,4166.64,4166.50,1.50,2,0,0.05,NLOS,121.66,6.11,-107.55,6.93,29.27,0,2,-116.06,4,-123.91,3,-127.33,6,-127.35,5,-129.89
41,4158.51,4166.50,1.50,2,0,0.05,NLOS,121.73,6.11,-107.62,6.98,29.27,0,2,-116.22,4,-123.94,6,-127.40,3,-127.42,5,-129.97
42,4150.38,4166.50,1.50,2,0,0.04,NLOS,121.81,6.11,-107.70,7.03,29.27,0,2,-116.38,4,-123.97,6,-127.45,3,-127.50,5,-130.06
43,4142.25,4166.50,1.50,2,0,0.04,NLOS,121.89,6.11,-107.78,7.07,29.27,0,2,-116.54,4,-124.00,6,-127.50,3,-127.58,5,-130.14
44,4134.12,4166.50,1.50,2,0,0.04,NLOS,121.98,1.69,-103.45,5.14,29.27,0,3,-111.43,5,-113.61,2,-119.41,6,-121.44,4,-126.99
45,4125.99,4166.50,1.50,2,0,0.04,NLOS,122.07,1.69,-103.54,5.13,29.27,0,3,-111.52,5,-113.69,2,-119.57,6,-121.50,4,-127.02
46,4117.86,4166.50,1.50,2,0,0.04,NLOS,122.17,1.69,-103.64,5.12,29.27,0,3,-111.60,5,-113.77,2,-119.72,6,-121.55,4,-127.05
47,4109.73,4166.50,1.50,2,0,0.04,NLOS,122.28,1.69,-103.75,5.10,29.27,0,3,-111.68,5,-113.85,2,-119.88,6,-121.60,4,-127.09
48,4101.59,4166.50,1.50,2,0,0.04,NLOS,122.39,-10.82,-91.35,18.46,29.27,0,2,-111.64,5,-116.47,1,-122.37,6,-124.61,3,-126.68
49,4100.00,4173.04,1.50,1,0,0.04,NLOS,122.17,-10.82,-91.13,18.70,29.27,0,2,-111.68,5,-116.47,1,-122.29,6,-124.58,3,-126.63
50,4100.00,4181.17,1.50,1,0,0.04,NLOS,121.86,-10.82,-90.82,19.00,29.27,0,2,-111.68,5,-116.46,1,-122.18,6,-124.54,3,-126.55
51,4100.00,4189.30,1.50,1,0,0.05,NLOS,121.55,-10.82,-90.51,19.30,29.27,0,2,-111.69,5,-116.44,1,-122.07,6,-124.50,3,-126.48
52,4100.00,4197.43,1.50,1,0,0.05,NLOS,121.23,-17.65,-83.36,20.69,29.27,0,2,-105.16,1,-112.24,3,-119.01,4,-119.04,5,-128.73
53,4100.00,4205.56,1.50,1,0,0.05,NLOS,120.91,-17.65,-83.04,20.99,29.27,0,2,-105.17,1,-112.13,3,-118.93,4,-118.98,5,-128.72
54,4100.00,4213.69,1.50,1,0,0.05,NLOS,120.58,-17.65,-82.72,21.31,29.27,0,2,-105.19,1,-112.02,3,-118.86,4,-118.91,5,-128.70
55,4100.00,4221.82,1.50,1,0,0.05,NLOS,120.25,-17.65,-82.38,21.63,29.27,0,2,-105.20,1,-111.91,3,-118.78,4,-118.85,5,-128.68
56,4100.00,4229.95,1.50,1,0,0.05,NLOS,119.91,-6.38,-93.32,12.32,29.27,0,1,-109.23,6,-110.07,5,-113.53,2,-120.59,3,-131.31
57,4100.00,4238.08,1.50,1,0,0.05,NLOS,119.57,-6.38,-92.97,12.60,29.27,0,1,-109.12,6,-110.03,5,-113.52,2,-120.61,3,-131.23
58,4100.00,4246.21,1.50,1,0,0.05,NLOS,119.22,-6.38,-92.62,12.88,29.27,0,1,-109.01,6,-109.99,5,-113.50,2,-120.63,3,-131.16
59,4100.00,4254.34,1.50,1,0,0.06,NLOS,118.86,-6.38,-92.27,13.16,29.27,0,1,-108.89,6,-109.95,5,-113.49,2,-120.65,3,-131.08
60,4100.00,4262.47,1.50,1,0,0.06,NLOS,118.50,-0.76,-97.52,14.89,29.27,0,3,-115.14,2,-118.62,6,-122.90,5,-124.78,1,-125.32
61,4100.00,4270.60,1.50,1,0,0.06,NLOS,118.14,-0.76,-97.16,15.21,29.27,0,3,-115.07,2,-118.65,6,-122.86,5,-124.76,1,-125.20
62,4100.00,4278.74,1.50,1,0,0.06,NLOS,117.77,-0.76,-96.79,15.54,29.27,0,3,-114.99,2,-118.67,6,-122.82,5,-124.75,1,-125.09
63,4100.00,4286.87,1.50,1,0,0.06,NLOS,117.39,-0.76,-96.41,15.87,29.27,0,3,-114.92,2,-118.69,6,-122.78,5,-124.73,1,-124.97
64,4100.00,4295.00,1.50,1,0,0.06,NLOS,117.00,-9.02,-87.77,1.94,29.27,0,1,-89.71,6,-123.62,4,-124.17,2,-127.94,3,-128.96
65,4100.00,4303.13,1.50,1,0,0.07,NLOS,116.61,-9.02,-87.38,2.21,29.27,0,1,-89.59,6,-123.58,4,-124.10,2,-127.97,3,-128.89
66,4100.00,4311.26,1.50,1,0,0.07,NLOS,116.22,-9.02,-86.98,2.48,29.27,0,1,-89.47,6,-123.54,4,-124.04,2,-128.00,3,-128.81
67,4100.00,4319.39,1.50,1,0,0.07,NLOS,115.82,-9.02,-86.58,2.76,29.27,0,1,-89.35,6,-123.50,4,-123.97,2,-128.03,3,-128.74
68,4100.00,4327.52,1.50,1,0,0.07,NLOS,115.41,-4.46,-90.73,8.63,29.27,0,1,-99.47,2,-116.42,5,-125.75,4,-129.36,3,-130.48
69,4100.00,4335.65,1.50,1,0,0.08,NLOS,114.99,-4.46,-90.32,8.92,29.27,0,1,-99.35,2,-116.46,5,-125.74,4,-129.30,3,-130.41
70,4100.00,4343.78,1.50,1,0,0.08,NLOS,114.58,-4.46,-89.90,9.22,29.27,0,1,-99.23,2,-116.49,5,-125.73,4,-129.23,3,-130.33
71,4100.00,4351.91,1.50,1,0,0.08,NLOS,114.15,-4.46,-89.47,9.52,29.27,0,1,-99.10,2,-116.52,5,-125.72,4,-129.16,3,-130.26
72,4100.00,4360.04,1.50,1,0,0.09,NLOS,113.72,17.05,-110.55,1.00,29.27,0,1,-113.97,5,-116.99,2,-124.18,4,-126.66,3,-127.38
73,4100.00,4366.50,1.50,0,0,0.09,NLOS,113.37,17.05,-110.20,1.29,0.00,0,1,-113.87,5,-116.98,2,-124.21,4,-126.60,3,-127.32
74,4100.00,4366.50,1.50,0,0,0.09,NLOS,113.37,17.05,-110.20,1.29,0.00,0,1,-113.87,5,-116.98,2,-124.21,4,-126.60,3,-127.32
75,4100.00,4366.50,1.50,0,0,0.09,NLOS,113.37,17.05,-110.20,1.29,0.00,0,1,-113.87,5,-116.98,2,-124.21,4,-126.60,3,-127.32
76,4100.00,4366.50,1.50,0,0,0.09,NLOS,113.37,17.05,-110.20,1.29,0.00,0,1,-113.87,5,-116.98,2,-124.21,4,-126.60,3,-127.32
77,4100.00,4366.50,1.50,0,0,0.09,NLOS,113.37,17.05,-110.20,1.29,0.00,0,1,-113.87,5,-116.98,2,-124.21,4,-126.60,3,-127.32
78,4100.00,4366.50,1.50,0,0,0.09,NLOS,113.37,17.05,-110.20,1.29,0.00,0,1,-113.87,5,-116.98,2,-124.21,4,-126.60,3,-127.32
79,4100.00,4366.50,1.50,0,0,0.09,NLOS,113.37,17.05,-110.20,1.29,0.00,0,1,-113.87,5,-116.98,2,-124.21,4,-126.60,3,-127.32
80,4100.00,4366.50,1.50,0,0,0.09,NLOS,113.37,17.05,-110.20,1.29,0.00,0,1,-113.87,5,-116.98,2,-124.21,4,-126.60,3,-127.32
81,4100.00,4366.50,1.50,0,0,0.09,NLOS,113.37,17.05,-110.20,1.29,0.00,0,1,-113.87,5,-116.98,2,-124.21,4,-126.60,3,-127.32
82,4100.00,4366.50,1.50,0,0,0.09,NLOS,113.37,17.05,-110.20,1.29,0.00,0,1,-113.87,5,-116.98,2,-124.21,4,-126.60,3,-127.32
83,4104.07,4366.50,1.50,0,0,0.09,NLOS,113.21,17.05,-110.04,1.43,14.64,0,1,-113.86,5,-116.94,2,-124.14,4,-126.58,3,-127.27
84,4112.20,4366.50,1.50,0,0,0.09,NLOS,112.89,17.05,-109.72,1.70,29.27,0,1,-113.84,5,-116.86,2,-123.99,4,-126.54,3,-127.16
85,4120.33,4366.50,1.50,0,0,0.10,NLOS,112.57,7.38,-99.73,1.62,29.27,0,5,-101.66,1,-117.22,6,-117.81,2,-120.37,3,-124.72
86,4128.46,4366.50,1.50,0,0,0.10,NLOS,112.27,7.38,-99.42,1.85,29.27,0,5,-101.58,1,-117.20,6,-117.75,2,-120.22,3,-124.61
87,4136.59,4366.50,1.50,0,0,0.10,NLOS,111.97,7.38,-99.13,2.06,29.27,0,5,-101.50,1,-117.19,6,-117.69,2,-120.08,3,-124.51
88,4144.72,4366.50,1.50,0,0,0.10,NLOS,111.68,7.38,-98.84,2.26,29.27,0,5,-101.41,1,-117.18,6,-117.63,2,-119.93,3,-124.40
89,4152.85,4366.50,1.50,0,0,0.11,NLOS,111.41,-7.55,-83.64,25.40,29.27,0,2,-112.25,3,-112.30,1,-127.50,5,-127.98,6,-129.25
90,4160.98,4366.50,1.50,0,0,0.11,NLOS,111.15,-7.55,-83.38,25.54,29.27,0,2,-112.10,3,-112.19,1,-127.49,5,-127.90,6,-129.19
91,4169.11,4366.50,1.50,0,0,0.11,NLOS,110.91,-7.55,-83.14,25.66,29.27,0,2,-111.95,3,-112.09,1,-127.48,5,-127.81,6,-129.13
92,4177.24,4366.50,1.50,0,0,0.12,NLOS,110.68,-7.55,-82.91,25.76,29.27,0,2,-111.79,3,-111.98,1,-127.47,5,-127.72,6,-129.07
93,4185.37,4366.50,1.50,0,0,0.12,NLOS,110.47,1.68,-91.94,12.10,29.27,0,2,-105.83,1,-109.92,4,-117.05,5,-122.11,6,-124.90
94,4193.50,4366.50,1.50,0,0,0.12,NLOS,110.28,1.68,-91.75,12.18,29.27,0,2,-105.67,1,-109.91,4,-117.01,5,-122.03,6,-124.84
95,4201.63,4366.50,1.50,0,0,0.12,NLOS,110.12,1.68,-91.58,12.23,29.27,0,2,-105.51,1,-109.90,4,-116.97,5,-121.94,6,-124.78
96,4209.76,4366.50,1.50,0,0,0.12,NLOS,109.97,1.68,-91.44,12.26,29.27,0,2,-105.35,1,-109.90,4,-116.93,5,-121.85,6,-124.72
97,4217.90,4366.50,1.50,0,0,0.12,NLOS,109.85,-12.60,-77.04,32.01,29.27,0,3,-109.73,2,-120.62,4,-123.22,6,-126.02,5,-134.81
98,4226.03,4366.50,1.50,0,0,0.13,NLOS,109.76,-12.60,-76.94,32.00,29.27,0,3,-109.62,2,-120.45,4,-123.18,6,-125.96,5,-134.72
99,4234.16,4366.50,1.50,0,0,0.13,NLOS,109.69,-12.60,-76.88,31.96,29.27,0,3,-109.51,2,-120.29,4,-123.15,6,-125.90,5,-134.63
100,4242.29,4366.50,1.50,0,0,0.13,NLOS,109.65,-12.60,-76.84,31.89,29.27,0,3,-109.41,2,-120.12,4,-123.11,6,-125.84,5,-134.54
101,4250.42,4366.50,1.50,0,0,0.13,NLOS,109.64,-3.33,-86.10,12.23,29.27,0,2,-98.58,3,-113.00,4,-117.47,5,-122.12,6,-124.25
102,4258.55,4366.50,1.50,0,0,0.13,NLOS,109.66,-3.33,-86.11,12.05,29.27,0,2,-98.41,3,-112.90,4,-117.44,5,-122.03,6,-124.19
103,4266.68,4366.50,1.50,0,0,0.13,NLOS,109.70,-3.33,-86.16,11.85,29.27,0,2,-98.24,3,-112.79,4,-117.40,5,-121.94,6,-124.13
104,4274.81,4366.50,1.50,0,0,0.13,NLOS,109.77,-3.33,-86.22,11.61,29.27,0,2,-98.07,3,-112.68,4,-117.36,5,-121.85,6,-124.07
105,4282.94,4366.50,1.50,0,0,0.12,NLOS,109.86,7.26,-96.91,2.99,29.27,0,2,-101.26,1,-106.58,3,-113.93,5,-121.60,6,-123.64
106,4291.07,4366.50,1.50,0,0,0.12,NLOS,109.99,7.26,-97.03,2.74,29.27,0,2,-101.08,1,-106.58,3,-113.82,5,-121.51,6,-123.57
107,4299.20,4366.50,1.50,0,0,0.12,NLOS,110.13,7.26,-97.17,2.46,29.27,0,2,-100.91,1,-106.59,3,-113.72,5,-121.41,6,-123.51
108,4300.00,4359.17,1.50,3,0,0.11,NLOS,110.72,7.26,-97.76,1.85,29.27,0,2,-100.84,1,-106.70,3,-113.79,5,-121.42,6,-123.55
109,4300.00,4351.04,1.50,3,0,0.11,NLOS,111.33,-12.61,-78.50,21.27,29.27,0,1,-102.02,2,-105.05,3,-109.85,6,-123.36,5,-125.61
110,4300.00,4342.91,1.50,3,0,0.10,NLOS,111.92,-12.61,-79.09,20.75,29.27,0,1,-102.15,2,-105.00,3,-109.95,6,-123.40,5,-125.63
111,4300.00,4334.77,1.50,3,0,0.10,NLOS,112.49,-12.61,-79.66,20.25,29.27,0,1,-102.28,2,-104.95,3,-110.05,6,-123.45,5,-125.64
112,4300.00,4326.64,1.50,3,0,0.09,NLOS,113.04,-12.61,-80.22,19.76,29.27,0,1,-102.40,2,-104.89,3,-110.15,6,-123.50,5,-125.65
113,4300.00,4318.51,1.50,3,2,0.02,NLOS,131.33,-7.31,-103.80,3.85,29.27,1,0,-110.11,5,-115.26,1,-115.46,3,-120.60,4,-122.75
114,4300.00,4310.38,1.50,3,2,0.02,NLOS,131.28,-7.31,-103.75,4.22,29.27,0,0,-110.63,5,-115.28,1,-115.58,3,-120.70,4,-122.83
115,4300.00,4302.25,1.50,3,2,0.03,NLOS,131.23,-7.31,-103.71,4.57,29.27,0,0,-111.14,5,-115.29,1,-115.71,3,-120.80,4,-122.90
116,4300.00,4294.12,1.50,3,2,0.03,NLOS,131.19,-7.31,-103.66,4.90,29.27,0,0,-111.63,5,-115.31,1,-115.83,3,-120.90,4,-122.97
117,4300.00,4285.99,1.50,3,3,0.02,NLOS,136.80,-30.00,-86.59,5.13,29.27,1,0,-92.53,2,-99.68,4,-111.48,1,-123.59,5,-123.94
118,4300.00,4277.86,1.50,3,3,0.02,NLOS,136.90,-30.00,-86.68,5.41,29.27,0,0,-93.00,2,-99.64,4,-111.56,1,-123.71,5,-123.96
119,4300.00,4269.73,1.50,3,3,0.02,NLOS,137.00,-30.00,-86.78,5.67,29.27,0,0,-93.45,2,-99.60,4,-111.63,1,-123.83,5,-123.98
120,4300.00,4261.60,1.50,3,3,0.02,NLOS,137.10,-30.00,-86.88,5.91,29.27,0,0,-93.90,2,-99.56,4,-111.70,1,-123.95,5,-124.00
121,4300.00,4253.47,1.50,3,2,0.03,NLOS,131.00,-3.11,-107.67,3.80,29.27,1,0,-112.43,3,-120.30,1,-127.93,4,-129.94,5,-134.41
122,4300.00,4245.34,1.50,3,2,0.03,NLOS,130.97,-3.11,-107.64,4.18,29.27,0,0,-112.85,3,-120.39,1,-128.05,4,-130.01,5,-134.43
123,4300.00,4237.21,1.50,3,2,0.03,NLOS,130.94,-3.11,-107.61,4.55,29.27,0,0,-113.26,3,-120.49,1,-128.16,4,-130.08,5,-134.45
124,4300.00,4229.08,1.50,3,2,0.03,NLOS,130.91,-3.11,-107.58,4.91,29.27,0,0,-113.67,3,-120.59,1,-128.28,4,-130.15,5,-134.47
125,4300.00,4220.94,1.50,3,0,0.06,NLOS,119.00,-3.33,-95.46,4.21,29.27,1,2,-100.23,3,-111.31,5,-116.08,4,-116.70,1,-120.60
126,4300.00,4212.81,1.50,3,0,0.05,NLOS,119.39,-3.33,-95.84,3.81,29.27,0,2,-100.20,3,-111.40,5,-116.10,4,-116.77,1,-120.72
127,4300.00,4204.68,1.50,3,0,0.05,NLOS,119.76,-3.33,-96.22,3.43,29.27,0,2,-100.18,3,-111.50,5,-116.12,4,-116.84,1,-120.83
128,4300.00,4196.55,1.50,3,0,0.05,NLOS,120.13,-3.33,-96.58,3.05,29.27,0,2,-100.16,3,-111.60,5,-116.15,4,-116.91,1,-120.94
129,4300.00,4188.42,1.50,3,0,0.05,NLOS,120.49,6.37,-106.65,-2.48,29.27,0,2,-105.76,5,-112.17,1,-115.85,3,-118.19,4,-119.14
130,4300.00,4180.29,1.50,3,0,0.05,NLOS,120.85,6.37,-107.00,-2.83,29.27,0,2,-105.74,5,-112.19,1,-115.96,3,-118.29,4,-119.21
131,4300.00,4172.16,1.50,3,0,0.05,NLOS,121.19,6.37,-107.35,-3.17,29.27,0,2,-105.73,5,-112.22,1,-116.07,3,-118.39,4,-119.28
132,4302.47,4166.50,1.50,0,0,0.05,NLOS,121.44,6.37,-107.60,-3.46,29.27,0,2,-105.66,5,-112.21,1,-116.15,3,-118.43,4,-119.32
133,4310.60,4166.50,1.50,0,2,0.03,NLOS,130.52,-13.95,-96.35,5.60,29.27,1,0,-102.37,6,-116.16,1,-118.71,3,-119.67,5,-121.14
134,4318.73,4166.50,1.50,0,2,0.03,NLOS,130.32,-13.95,-96.14,5.85,29.27,0,0,-102.42,6,-116.10,1,-118.71,3,-119.59,5,-121.05
135,4326.86,4166.50,1.50,0,2,0.03,NLOS,130.11,-13.95,-95.94,6.10,29.27,0,0,-102.48,6,-116.05,1,-118.72,3,-119.51,5,-120.96
136,4334.99,4166.50,1.50,0,2,0.03,NLOS,129.91,-13.95,-95.74,6.36,29.27,0,0,-102.55,6,-116.00,1,-118.73,3,-119.43,5,-120.87
137,4343.12,4166.50,1.50,0,2,0.03,NLOS,129.70,1.23,-110.72,-1.00,29.27,0,0,-113.86,3,-114.94,5,-117.03,4,-122.00,1,-124.29
138,4351.26,4166.50,1.50,0,2,0.03,NLOS,129.49,1.23,-110.50,-0.80,29.27,0,0,-113.93,3,-114.86,5,-116.94,4,-121.97,1,-124.29
139,4359.39,4166.50,1.50,0,2,0.03,NLOS,129.28,1.23,-110.29,-0.60,29.27,0,0,-114.02,3,-114.78,5,-116.85,4,-121.94,1,-124.30
140,4367.52,4166.50,1.50,0,2,0.03,NLOS,129.06,1.23,-110.08,-0.40,29.27,0,0,-114.11,3,-114.70,5,-116.76,4,-121.92,1,-124.31
141,4375.65,4166.50,1.50,0,3,0.02,NLOS,137.49,-8.22,-109.06,-1.03,29.27,1,1,-111.24,0,-112.41,2,-116.80,5,-128.00,4,-133.36
142,4383.78,4166.50,1.50,0,3,0.02,NLOS,137.41,-8.22,-108.98,-0.94,29.27,0,1,-111.25,0,-112.51,2,-116.58,5,-127.91,4,-133.33
143,4391.91,4166.50,1.50,0,3,0.02,NLOS,137.34,-8.22,-108.90,-0.85,29.27,0,1,-111.26,0,-112.62,2,-116.35,5,-127.81,4,-133.31
144,4400.04,4166.50,1.50,0,3,0.02,NLOS,137.26,-8.22,-108.82,-0.77,29.27,0,1,-111.28,0,-112.73,2,-116.13,5,-127.72,4,-133.28
145,4408.17,4166.50,1.50,0,0,0.04,NLOS,122.53,-4.97,-97.34,6.63,29.27,1,5,-105.78,1,-109.81,2,-116.66,3,-122.87,4,-124.34
146,4416.30,4166.50,1.50,0,0,0.04,NLOS,122.64,-4.97,-97.46,6.43,29.27,0,5,-105.68,1,-109.83,2,-116.42,3,-122.79,4,-124.31
147,4424.43,4166.50,1.50,0,0,0.04,NLOS,122.77,-4.97,-97.58,6.24,29.27,0,5,-105.59,1,-109.84,2,-116.19,3,-122.72,4,-124.29
148,4432.56,4166.50,1.50,0,0,0.04,NLOS,122.90,-4.97,-97.71,6.03,29.27,0,5,-105.49,1,-109.86,2,-115.95,3,-122.64,4,-124.26
149,4440.69,4166.50,1.50,0,0,0.04,NLOS,123.03,-1.00,-101.81,3.15,29.27,0,3,-110.31,5,-110.48,2,-111.05,6,-112.75,4,-125.71
150,4448.82,4166.50,1.50,0,0,0.04,NLOS,123.16,-1.00,-101.95,2.90,29.27,0,3,-110.23,5,-110.39,2,-110.81,6,-112.69,4,-125.69
151,4456.95,4166.50,1.50,0,0,0.04,NLOS,123.30,-1.00,-102.09,2.64,29.27,0,3,-110.15,5,-110.29,2,-110.56,6,-112.64,4,-125.66
152,4465.09,4166.50,1.50,0,0,0.04,NLOS,123.44,-1.00,-102.23,2.37,29.27,0,3,-110.08,5,-110.19,2,-110.30,6,-112.59,4,-125.64
153,4473.22,4166.50,1.50,0,2,0.03,NLOS,125.97,-1.99,-103.76,6.41,29.27,1,0,-112.12,1,-117.90,3,-120.08,5,-121.47,4,-139.96
154,4481.35,4166.50,1.50,0,2,0.03,NLOS,125.71,-1.99,-103.50,6.75,29.27,0,0,-112.26,1,-117.92,3,-120.01,5,-121.37,4,-139.94
155,4489.48,4166.50,1.50,0,2,0.04,NLOS,125.44,-1.99,-103.23,7.10,29.27,0,0,-112.41,1,-117.94,3,-119.94,5,-121.27,4,-139.92
156,4497.61,4166.50,1.50,0,2,0.04,NLOS,125.17,-1.99,-102.96,7.45,29.27,0,0,-112.57,1,-117.96,3,-119.86,5,-121.17,4,-139.90
157,4505.74,4166.50,1.50,0,2,0.04,NLOS,124.90,-12.37,-92.30,8.80,29.27,0,0,-101.38,4,-116.94,3,-119.18,1,-120.23,6,-125.47
158,4513.87,4166.50,1.50,0,2,0.04,NLOS,124.62,-12.37,-92.02,9.23,29.27,0,0,-101.53,4,-116.91,3,-119.10,1,-120.25,6,-125.41
159,4522.00,4166.50,1.50,0,2,0.04,NLOS,124.33,-12.37,-91.74,9.66,29.27,0,0,-101.69,4,-116.89,3,-119.03,1,-120.27,6,-125.36
160,4530.13,4166.50,1.50,0,2,0.04,NLOS,124.04,-12.37,-91.45,10.09,29.27,0,0,-101.85,4,-116.87,3,-118.96,1,-120.30,6,-125.30
161,4538.26,4166.50,1.50,0,2,0.04,NLOS,123.75,6.12,-109.65,-2.77,29.27,0,0,-109.08,4,-111.59,5,-124.34,6,-125.87,3,-126.44
162,4546.39,4166.50,1.50,0,2,0.04,NLOS,123.45,6.12,-109.35,-2.38,29.27,0,0,-109.24,4,-111.57,5,-124.24,6,-125.82,3,-126.38
163,4554.52,4166.50,1.50,0,2,0.04,NLOS,123.15,6.12,-109.05,-1.99,29.27,0,0,-109.41,4,-111.55,5,-124.14,6,-125.76,3,-126.31
164,4562.65,4166.50,1.50,0,2,0.04,NLOS,122.84,6.12,-108.74,-1.60,29.27,0,0,-109.57,4,-111.53,5,-124.03,6,-125.71,3,-126.24
165,4570.78,4166.50,1.50,0,2,0.04,NLOS,122.52,-21.57,-80.74,9.22,29.27,0,0,-90.05,3,-110.18,1,-111.10,5,-113.31,4,-131.91
166,4578.92,4166.50,1.50,0,2,0.04,NLOS,122.20,-21.57,-80.41,9.70,29.27,0,0,-90.22,3,-110.11,1,-111.13,5,-113.20,4,-131.89
167,4587.05,4166.50,1.50,0,2,0.04,NLOS,121.87,-21.57,-80.09,10.19,29.27,0,0,-90.39,3,-110.04,1,-111.16,5,-113.10,4,-131.87
168,4595.18,4166.50,1.50,0,2,0.05,NLOS,121.54,-21.57,-79.75,10.69,29.27,0,0,-90.56,3,-109.98,1,-111.19,5,-112.99,4,-131.85
169,4603.31,4166.50,1.50,0,2,0.05,NLOS,121.19,9.45,-110.42,0.90,29.27,0,1,-113.40,0,-119.28,5,-121.37,3,-125.50,4,-125.67
170,4611.44,4166.50,1.50,0,2,0.05,NLOS,120.85,9.45,-110.07,1.28,29.27,0,1,-113.43,0,-119.45,5,-121.27,3,-125.44,4,-125.65
171,4619.57,4166.50,1.50,0,2,0.05,NLOS,120.49,9.45,-109.72,1.66,29.27,0,1,-113.46,0,-119.62,5,-121.16,3,-125.37,4,-125.64
172,4627.70,4166.50,1.50,0,2,0.05,NLOS,120.13,9.45,-109.36,2.05,29.27,0,1,-113.49,0,-119.79,5,-121.05,3,-125.31,4,-125.62
173,4635.83,4166.50,1.50,0,2,0.05,NLOS,119.76,5.79,-105.33,-1.94,29.27,0,0,-105.51,6,-107.75,5,-122.18,4,-128.33,1,-135.20
174,4643.96,4166.50,1.50,0,2,0.05,NLOS,119.38,5.79,-104.95,-1.48,29.27,0,0,-105.69,6,-107.70,5,-122.07,4,-128.32,1,-135.23
175,4652.09,4166.50,1.50,0,2,0.06,NLOS,118.99,5.79,-104.56,-1.01,29.27,0,0,-105.86,6,-107.65,5,-121.96,4,-128.30,1,-135.27
176,4660.22,4166.50,1.50,0,2,0.06,NLOS,118.60,5.79,-104.17,-0.54,29.27,0,0,-106.03,6,-107.59,5,-121.85,4,-128.29,1,-135.30
177,4668.35,4166.50,1.50,0,5,0.02,NLOS,139.23,-19.26,-99.75,-0.43,29.27,1,3,-101.56,2,-103.90,0,-113.90,4,-120.35,1,-120.72
178,4676.48,4166.50,1.50,0,5,0.02,NLOS,139.11,-19.26,-99.64,-0.50,29.27,0,3,-101.50,2,-103.49,0,-114.08,4,-120.33,1,-120.75
179,4684.61,4166.50,1.50,0,5,0.02,NLOS,139.00,-19.26,-99.52,-0.57,29.27,0,3,-101.44,2,-103.06,0,-114.25,4,-120.32,1,-120.78
180,4692.75,4166.50,1.50,0,5,0.02,NLOS,138.89,-19.26,-99.41,-0.66,29.27,0,3,-101.39,2,-102.63,0,-114.42,4,-120.30,1,-120.82
181,4700.00,4166.50,1.50,1,2,0.07,NLOS,116.52,-15.88,-80.42,33.24,0.00,1,0,-117.11,6,-121.94,1,-122.51,4,-124.22,5,-124.48
182,4700.00,4166.50,1.50,1,2,0.07,NLOS,116.52,-15.88,-80.42,33.24,0.00,0,0,-117.11,6,-121.94,1,-122.51,4,-124.22,5,-124.48
183,4700.00,4166.50,1.50,1,2,0.07,NLOS,116.52,-15.88,-80.42,33.24,0.00,0,0,-117.11,6,-121.94,1,-122.51,4,-124.22,5,-124.48
184,4700.00,4166.50,1.50,1,2,0.07,NLOS,116.52,-15.88,-80.42,33.24,0.00,0,0,-117.11,6,-121.94,1,-122.51,4,-124.22,5,-124.48
185,4700.00,4166.50,1.50,1,2,0.07,NLOS,116.52,-15.88,-80.42,33.24,0.00,0,0,-117.11,6,-121.94,1,-122.51,4,-124.22,5,-124.48
186,4700.00,4166.50,1.50,1,2,0.07,NLOS,116.52,-15.88,-80.42,33.24,0.00,0,0,-117.11,6,-121.94,1,-122.51,4,-124.22,5,-124.48
187,4700.00,4166.50,1.50,1,2,0.07,NLOS,116.52,-15.88,-80.42,33.24,0.00,0,0,-117.11,6,-121.94,1,-122.51,4,-124.22,5,-124.48
188,4700.00,4166.50,1.50,1,2,0.07,NLOS,116.52,-15.88,-80.42,33.24,0.00,0,0,-117.11,6,-121.94,1,-122.51,4,-124.22,5,-124.48
189,4700.00,4166.50,1.50,1,2,0.07,NLOS,116.52,-15.88,-80.42,33.24,0.00,0,0,-117.11,6,-121.94,1,-122.51,4,-124.22,5,-124.48
190,4700.00,4166.50,1.50,1,2,0.07,NLOS,116.52,-15.88,-80.42,33.24,0.00,0,0,-117.11,6,-121.94,1,-122.51,4,-124.22,5,-124.48
191,4700.00,4170.57,1.50,1,2,0.07,NLOS,116.54,-15.88,-80.45,33.15,14.64,0,0,-117.03,6,-121.91,1,-122.46,4,-124.18,5,-124.46
192,4700.00,4178.70,1.50,1,2,0.07,NLOS,116.60,-15.88,-80.51,32.98,29.27,0,0,-116.88,6,-121.85,1,-122.37,4,-124.10,5,-124.42
193,4700.00,4186.83,1.50,1,2,0.07,NLOS,116.68,-15.88,-80.58,32.80,29.27,0,0,-116.73,6,-121.78,1,-122.27,4,-124.02,5,-124.37
194,4700.00,4194.96,1.50,1,2,0.07,NLOS,116.76,-7.14,-89.41,13.38,29.27,0,3,-103.96,5,-110.99,1,-115.86,0,-119.18,4,-123.16
195,4700.00,4203.09,1.50,1,2,0.07,NLOS,116.85,-7.14,-89.50,13.15,29.27,0,3,-103.81,5,-110.95,1,-115.76,0,-119.03,4,-123.08
196,4700.00,4211.22,1.50,1,2,0.06,NLOS,116.96,-7.14,-89.61,12.91,29.27,0,3,-103.65,5,-110.91,1,-115.66,0,-118.88,4,-122.99
197,4700.00,4219.35,1.50,1,2,0.06,NLOS,117.08,-7.14,-89.72,12.67,29.27,0,3,-103.50,5,-110.87,1,-115.56,0,-118.73,4,-122.91
198,4700.00,4227.48,1.50,1,0,0.03,NLOS,127.09,-12.58,-94.28,7.24,29.27,1,2,-104.45,3,-107.15,1,-109.33,4,-116.62,6,-119.94
199,4700.00,4235.61,1.50,1,0,0.03,NLOS,126.94,-12.58,-94.14,7.39,29.27,0,2,-104.59,3,-107.00,1,-109.23,4,-116.54,6,-119.87
200,4700.00,4243.74,1.50,1,0,0.03,NLOS,126.79,-12.58,-93.99,7.54,29.27,0,2,-104.73,3,-106.84,1,-109.13,4,-116.46,6,-119.81
201,4700.00,4251.87,1.50,1,0,0.03,NLOS,126.65,-12.58,-93.85,7.69,29.27,0,2,-104.88,3,-106.68,1,-109.03,4,-116.38,6,-119.74
202,4700.00,4260.00,1.50,1,2,0.06,NLOS,117.79,-11.53,-86.04,8.16,29.27,1,3,-94.32,1,-110.83,4,-120.77,0,-126.82,6,-130.49
203,4700.00,4268.13,1.50,1,2,0.06,NLOS,117.96,-11.53,-86.21,7.84,29.27,0,3,-94.16,1,-110.72,4,-120.68,0,-126.68,6,-130.42
204,4700.00,4276.26,1.50,1,2,0.06,NLOS,118.13,-11.53,-86.38,7.50,29.27,0,3,-93.99,1,-110.62,4,-120.60,0,-126.54,6,-130.36
205,4700.00,4284.40,1.50,1,2,0.06,NLOS,118.31,-11.53,-86.56,7.16,29.27,0,3,-93.83,1,-110.52,4,-120.52,0,-126.40,6,-130.29
206,4700.00,4292.53,1.50,1,3,0.02,NLOS,132.34,-10.66,-101.46,0.82,29.27,1,4,-104.58,2,-107.77,1,-111.73,5,-121.80,0,-134.10
207,4700.00,4300.66,1.50,1,3,0.02,NLOS,132.17,-10.66,-101.29,0.98,29.27,0,4,-104.50,2,-107.96,1,-111.62,5,-121.77,0,-133.97
208,4700.00,4308.79,1.50,1,3,0.02,NLOS,132.01,-10.66,-101.13,1.13,29.27,0,4,-104.41,2,-108.16,1,-111.51,5,-121.74,0,-133.84
209,4700.00,4316.92,1.50,1,3,0.02,NLOS,131.84,-10.66,-100.96,1.29,29.27,0,4,-104.33,2,-108.36,1,-111.41,5,-121.71,0,-133.70
210,4700.00,4325.05,1.50,1,2,0.05,NLOS,119.29,-12.36,-86.72,11.18,29.27,1,0,-98.30,1,-110.00,5,-114.50,6,-125.81,3,-127.27
211,4700.00,4333.18,1.50,1,2,0.05,NLOS,119.50,-12.36,-86.92,10.85,29.27,0,0,-98.17,1,-109.90,5,-114.47,6,-125.74,3,-127.10
212,4700.00,4341.31,1.50,1,2,0.05,NLOS,119.72,-12.36,-87.14,10.52,29.27,0,0,-98.05,1,-109.79,5,-114.44,6,-125.68,3,-126.93
213,4700.00,4349.44,1.50,1,2,0.05,NLOS,119.93,-12.36,-87.35,10.18,29.27,0,0,-97.93,1,-109.68,5,-114.42,6,-125.61,3,-126.75
214,4700.00,4357.57,1.50,1,2,0.05,NLOS,120.15,6.06,-105.99,-3.29,29.27,0,0,-105.43,3,-109.66,5,-110.81,6,-112.74,1,-125.08
215,4700.00,4365.70,1.50,1,2,0.05,NLOS,120.37,6.06,-106.21,-3.61,29.27,0,0,-105.31,3,-109.48,5,-110.79,6,-112.67,1,-124.97
216,4707.33,4366.50,1.50,0,2,0.05,NLOS,120.13,6.06,-105.97,-3.31,29.27,0,0,-105.53,3,-109.39,5,-110.67,6,-112.61,1,-125.00
217,4715.46,4366.50,1.50,0,2,0.05,NLOS,119.84,6.06,-105.68,-2.94,29.27,0,0,-105.78,3,-109.31,5,-110.54,6,-112.54,1,-125.05
218,4723.59,4366.50,1.50,0,2,0.05,NLOS,119.55,-18.21,-81.13,23.49,29.27,0,0,-107.56,3,-110.70,6,-114.06,4,-116.53,1,-117.32
219,4731.73,4366.50,1.50,0,2,0.05,NLOS,119.26,-18.21,-80.84,23.87,29.27,0,0,-107.80,3,-110.63,6,-113.99,4,-116.51,1,-117.37
220,4739.86,4366.50,1.50,0,2,0.06,NLOS,118.97,-18.21,-80.54,24.26,29.27,0,0,-108.05,3,-110.55,6,-113.93,4,-116.50,1,-117.42
221,4747.99,4366.50,1.50,0,2,0.06,NLOS,118.67,-18.21,-80.25,24.63,29.27,0,0,-108.29,3,-110.47,6,-113.86,4,-116.48,1,-117.47
222,4756.12,4366.50,1.50,0,2,0.06,NLOS,118.38,-26.94,-71.22,30.87,29.27,0,0,-104.45,5,-107.46,1,-115.30,4,-115.72,6,-117.97
223,4764.25,4366.50,1.50,0,2,0.06,NLOS,118.08,-26.94,-70.92,31.25,29.27,0,0,-104.68,5,-107.33,1,-115.35,4,-115.70,6,-117.91
224,4772.38,4366.50,1.50,0,2,0.06,NLOS,117.79,-26.94,-70.63,31.63,29.27,0,0,-104.91,5,-107.19,1,-115.40,4,-115.69,6,-117.85
225,4780.51,4366.50,1.50,0,2,0.06,NLOS,117.49,-26.94,-70.33,32.01,29.27,0,0,-105.14,5,-107.06,1,-115.45,4,-115.68,6,-117.78
226,4788.64,4366.50,1.50,0,2,0.06,NLOS,117.20,-10.16,-86.82,6.13,29.27,0,0,-95.89,1,-96.71,3,-106.23,4,-112.01,5,-112.44
227,4796.77,4366.50,1.50,0,2,0.07,NLOS,116.91,-10.16,-86.53,6.55,29.27,0,0,-96.11,1,-96.76,3,-106.17,4,-112.00,5,-112.30
228,4804.90,4366.50,1.50,0,2,0.07,NLOS,116.62,-10.16,-86.24,6.97,29.27,0,0,-96.33,1,-96.82,3,-106.10,4,-111.99,5,-112.16
229,4813.03,4366.50,1.50,0,2,0.07,NLOS,116.33,-10.16,-85.95,7.38,29.27,0,0,-96.55,1,-96.87,3,-106.04,4,-111.98,5,-112.02
230,4821.16,4366.50,1.50,0,2,0.07,NLOS,116.04,-4.38,-91.44,9.44,29.27,0,5,-102.19,3,-109.83,0,-111.39,4,-114.74,1,-128.45
231,4829.29,4366.50,1.50,0,2,0.07,NLOS,115.76,-4.38,-91.16,9.62,29.27,0,5,-102.05,3,-109.78,0,-111.61,4,-114.73,1,-128.50
232,4837.42,4366.50,1.50,0,2,0.07,NLOS,115.48,-4.38,-90.88,9.81,29.27,0,5,-101.91,3,-109.73,0,-111.82,4,-114.72,1,-128.56
233,4845.56,4366.50,1.50,0,2,0.08,NLOS,115.20,-4.38,-90.60,9.98,29.27,0,5,-101.76,3,-109.67,0,-112.03,4,-114.71,1,-128.61
234,4853.69,4366.50,1.50,0,2,0.08,NLOS,114.93,-7.60,-87.11,14.93,29.27,0,0,-102.36,6,-116.21,3,-119.58,4,-121.92,5,-130.54
235,4861.82,4366.50,1.50,0,2,0.08,NLOS,114.67,-7.60,-86.85,15.38,29.27,0,0,-102.56,6,-116.14,3,-119.54,4,-121.91,5,-130.39
236,4869.95,4366.50,1.50,0,2,0.08,NLOS,114.42,-7.60,-86.60,15.81,29.27,0,0,-102.77,6,-116.08,3,-119.49,4,-121.91,5,-130.24
237,4878.08,4366.50,1.50,0,2,0.08,NLOS,114.17,-7.60,-86.35,16.24,29.27,0,0,-102.97,6,-116.01,3,-119.45,4,-121.90,5,-130.09
238,4886.21,4366.50,1.50,0,2,0.08,NLOS,113.93,-10.03,-83.68,22.00,29.27,0,3,-106.19,5,-118.25,1,-121.89,0,-124.17,6,-124.93
239,4894.34,4366.50,1.50,0,2,0.09,NLOS,113.71,-10.03,-83.46,22.18,29.27,0,3,-106.16,5,-118.10,1,-121.95,0,-124.37,6,-124.87
240,4900.00,4368.97,1.50,1,2,0.09,NLOS,113.71,-10.03,-83.46,22.10,29.27,0,3,-106.07,5,-117.98,1,-121.96,0,-124.49,6,-124.80
241,4900.00,4377.10,1.50,1,2,0.08,NLOS,114.19,-10.03,-83.94,21.42,29.27,0,3,-105.85,5,-117.95,1,-121.87,0,-124.43,6,-124.72
242,4900.00,4385.23,1.50,1,2,0.08,NLOS,114.67,0.33,-94.78,10.81,29.27,0,1,-107.76,3,-110.43,5,-121.50,6,-123.14,0,-125.67
243,4900.00,4393.36,1.50,1,2,0.08,NLOS,115.13,0.33,-95.25,10.21,29.27,0,1,-107.67,3,-110.21,5,-121.46,6,-123.06,0,-125.62
244,4900.00,4401.49,1.50,1,2,0.07,NLOS,115.59,0.33,-95.70,9.62,29.27,0,1,-107.57,3,-109.99,5,-121.43,6,-122.98,0,-125.57
245,4900.00,4409.62,1.50,1,2,0.07,NLOS,116.03,0.33,-96.15,9.04,29.27,0,1,-107.47,3,-109.77,5,-121.40,6,-122.90,0,-125.52
246,4900.00,4417.76,1.50,1,2,0.07,NLOS,116.47,0.74,-96.99,10.78,29.27,0,4,-112.04,5,-114.30,1,-114.64,3,-117.60,0,-118.79
247,4900.00,4425.89,1.50,1,2,0.07,NLOS,116.89,0.74,-97.42,10.26,29.27,0,4,-111.94,5,-114.28,1,-114.54,3,-117.37,0,-118.75
248,4900.00,4434.02,1.50,1,2,0.06,NLOS,117.31,0.74,-97.83,9.75,29.27,0,4,-111.85,5,-114.25,1,-114.44,3,-117.14,0,-118.70
249,4900.00,4442.15,1.50,1,2,0.06,NLOS,117.72,0.74,-98.24,9.26,29.27,0,4,-111.75,5,-114.23,1,-114.35,3,-116.90,0,-118.66
250,4900.00,4450.28,1.50,1,2,0.06,NLOS,118.12,-4.34,-93.55,4.70,29.27,0,3,-99.68,1,-104.94,0,-114.10,6,-114.13,5,-118.33
251,4900.00,4458.41,1.50,1,2,0.06,NLOS,118.51,-4.34,-93.94,4.11,29.27,0,3,-99.43,1,-104.84,6,-114.05,0,-114.06,5,-118.31
252,4900.00,4466.54,1.50,1,2,0.06,NLOS,118.89,-4.34,-94.33,3.52,29.27,0,3,-99.19,1,-104.74,6,-113.97,0,-114.03,5,-118.29
253,4900.00,4474.67,1.50,1,2,0.05,NLOS,119.26,-4.34,-94.70,2.94,29.27,0,3,-98.93,1,-104.65,6,-113.89,0,-114.00,5,-118.27
254,4900.00,4482.80,1.50,1,2,0.05,NLOS,119.63,-0.18,-99.23,4.20,29.27,0,5,-106.50,3,-107.33,0,-117.64,1,-118.39,4,-120.32
255,4900.00,4490.93,1.50,1,2,0.05,NLOS,119.99,-0.18,-99.59,3.72,29.27,0,5,-106.49,3,-107.08,0,-117.62,1,-118.30,4,-120.22
256,4900.00,4499.06,1.50,1,2,0.05,NLOS,120.35,-0.18,-99.95,3.24,29.27,0,5,-106.47,3,-106.81,0,-117.60,1,-118.20,4,-120.12
257,4900.00,4507.19,1.50,1,2,0.05,NLOS,120.69,-0.18,-100.29,2.76,29.27,0,5,-106.46,3,-106.55,0,-117.57,1,-118.10,4,-120.02
258,4900.00,4515.32,1.50,1,2,0.05,NLOS,121.03,-4.30,-96.52,-1.55,29.27,0,3,-95.75,1,-104.06,6,-109.86,5,-117.28,4,-120.58
259,4900.00,4523.45,1.50,1,2,0.05,NLOS,121.37,-4.30,-96.85,-2.13,29.27,0,3,-95.47,1,-103.96,6,-109.78,5,-117.27,4,-120.48
260,4900.00,4531.59,1.50,1,2,0.05,NLOS,121.70,-4.30,-97.18,-2.71,29.27,0,3,-95.19,1,-103.86,6,-109.70,5,-117.27,4,-120.38
261,4900.00,4539.72,1.50,1,2,0.04,NLOS,122.02,-4.30,-97.50,-3.29,29.27,0,3,-94.91,1,-103.76,6,-109.62,5,-117.26,4,-120.28
262,4900.00,4547.85,1.50,1,3,0.04,NLOS,123.76,-6.56,-96.98,4.64,29.27,1,5,-105.04,6,-106.79,2,-110.38,0,-112.91,4,-118.78
263,4900.00,4555.98,1.50,1,3,0.04,NLOS,123.46,-6.56,-96.69,4.95,29.27,0,5,-105.04,6,-106.71,2,-110.69,0,-112.90,4,-118.67
264,4900.00,4564.11,1.50,1,3,0.04,NLOS,123.17,-6.56,-96.39,5.25,29.27,0,5,-105.04,6,-106.63,2,-110.99,0,-112.90,4,-118.57
265,4900.00,4572.24,1.50,1,3,0.04,NLOS,122.86,-6.56,-96.09,5.56,29.27,0,5,-105.04,6,-106.54,2,-111.30,0,-112.90,4,-118.46
266,4900.00,4580.37,1.50,1,1,0.02,NLOS,137.99,-19.62,-98.15,10.06,29.27,1,3,-111.24,0,-113.09,2,-119.56,5,-119.70,4,-124.97
267,4900.00,4588.50,1.50,1,1,0.02,NLOS,137.88,-19.62,-98.05,10.02,29.27,0,3,-110.93,0,-113.10,5,-119.71,2,-119.85,4,-124.86
268,4900.00,4596.63,1.50,1,1,0.02,NLOS,137.78,-19.62,-97.95,9.97,29.27,0,3,-110.61,0,-113.11,5,-119.71,2,-120.13,4,-124.76
269,4900.00,4604.76,1.50,1,1,0.02,NLOS,137.68,-19.62,-97.84,9.91,29.27,0,3,-110.29,0,-113.12,5,-119.72,2,-120.42,4,-124.65
270,4900.00,4612.89,1.50,1,3,0.05,NLOS,121.27,-2.47,-98.58,-2.04,29.27,1,0,-100.65,2,-102.11,1,-104.78,4,-105.09,6,-110.31
271,4900.00,4621.02,1.50,1,3,0.05,NLOS,120.93,-2.47,-98.25,-1.66,29.27,0,0,-100.67,2,-102.39,1,-104.68,4,-104.98,6,-110.23
272,4900.00,4629.15,1.50,1,3,0.05,NLOS,120.59,-2.47,-97.90,-1.28,29.27,0,0,-100.69,2,-102.66,1,-104.57,4,-104.87,6,-110.15
273,4900.00,4637.28,1.50,1,3,0.05,NLOS,120.24,-2.47,-97.56,-0.89,29.27,0,0,-100.71,2,-102.92,1,-104.47,4,-104.76,6,-110.07
274,4900.00,4645.42,1.50,1,3,0.05,NLOS,119.89,-7.49,-92.18,8.82,29.27,0,2,-102.15,6,-111.42,1,-112.69,5,-112.98,0,-121.77
275,4900.00,4653.55,1.50,1,3,0.05,NLOS,119.53,-7.49,-91.81,9.36,29.27,0,2,-102.40,6,-111.34,1,-112.59,5,-112.99,0,-121.79
276,4900.00,4661.68,1.50,1,3,0.05,NLOS,119.16,-7.49,-91.44,9.91,29.27,0,2,-102.66,6,-111.26,1,-112.48,5,-113.01,0,-121.82
277,4900.00,4669.81,1.50,1,3,0.06,NLOS,118.78,-7.49,-91.07,10.45,29.27,0,2,-102.91,6,-111.18,1,-112.38,5,-113.03,0,-121.85
278,4900.00,4677.94,1.50,1,3,0.06,NLOS,118.39,-1.50,-96.68,-0.24,29.27,0,1,-99.03,6,-102.78,2,-106.59,5,-106.64,0,-114.94
279,4900.00,4686.07,1.50,1,3,0.06,NLOS,118.00,-1.50,-96.29,0.10,29.27,0,1,-98.92,6,-102.70,5,-106.66,2,-106.83,0,-114.98
280,4900.00,4694.20,1.50,1,3,0.06,NLOS,117.60,-1.50,-95.88,0.45,29.27,0,1,-98.82,6,-102.62,5,-106.68,2,-107.07,0,-115.02
281,4900.00,4702.33,1.50,1,3,0.06,NLOS,117.19,-1.50,-95.47,0.80,29.27,0,1,-98.71,6,-102.54,5,-106.71,2,-107.31,0,-115.06
282,4900.00,4710.46,1.50,1,3,0.07,NLOS,116.77,-6.08,-90.48,1.34,29.27,0,0,-92.30,2,-104.27,1,-107.07,4,-111.33,5,-114.56
283,4900.00,4718.59,1.50,1,3,0.07,NLOS,116.34,-6.08,-90.05,1.82,29.27,0,0,-92.35,2,-104.50,1,-106.97,4,-111.21,5,-114.59
284,4900.00,4726.72,1.50,1,3,0.07,NLOS,115.90,-6.08,-89.61,2.31,29.27,0,0,-92.39,2,-104.72,1,-106.86,4,-111.09,5,-114.61
285,4900.00,4734.85,1.50,1,3,0.07,NLOS,115.46,-6.08,-89.16,2.81,29.27,0,0,-92.44,2,-104.95,1,-106.75,4,-110.97,5,-114.64
286,4900.00,4742.98,1.50,1,3,0.08,NLOS,115.00,-3.01,-91.77,6.96,29.27,0,0,-100.53,4,-106.89,5,-107.64,1,-114.01,2,-115.04
287,4900.00,4751.11,1.50,1,3,0.08,NLOS,114.53,-3.01,-91.30,7.45,29.27,0,0,-100.59,4,-106.77,5,-107.68,1,-113.90,2,-115.26
288,4900.00,4759.25,1.50,1,3,0.08,NLOS,114.05,-3.01,-90.82,7.95,29.27,0,0,-100.64,4,-106.65,5,-107.71,1,-113.79,2,-115.48
289,4900.00,4766.50,1.50,0,3,0.09,NLOS,113.61,-3.01,-90.38,8.41,0.00,0,0,-100.69,4,-106.54,5,-107.74,1,-113.70,2,-115.67
290,4900.00,4766.50,1.50,0,3,0.09,NLOS,113.61,-3.01,-90.38,8.41,0.00,0,0,-100.69,4,-106.54,5,-107.74,1,-113.70,2,-115.67
291,4900.00,4766.50,1.50,0,3,0.09,NLOS,113.61,-3.01,-90.38,8.41,0.00,0,0,-100.69,4,-106.54,5,-107.74,1,-113.70,2,-115.67
292,4900.00,4766.50,1.50,0,3,0.09,NLOS,113.61,-3.01,-90.38,8.41,0.00,0,0,-100.69,4,-106.54,5,-107.74,1,-113.70,2,-115.67
293,4900.00,4766.50,1.50,0,3,0.09,NLOS,113.61,-3.01,-90.38,8.41,0.00,0,0,-100.69,4,-106.54,5,-107.74,1,-113.70,2,-115.67
294,4900.00,4766.50,1.50,0,3,0.09,NLOS,113.61,-3.01,-90.38,8.41,0.00,0,0,-100.69,4,-106.54,5,-107.74,1,-113.70,2,-115.67
295,4900.00,4766.50,1.50,0,3,0.09,NLOS,113.61,-3.01,-90.38,8.41,0.00,0,0,-100.69,4,-106.54,5,-107.74,1,-113.70,2,-115.67
296,4900.00,4766.50,1.50,0,3,0.09,NLOS,113.61,-3.01,-90.38,8.41,0.00,0,0,-100.69,4,-106.54,5,-107.74,1,-113.70,2,-115.67
297,4900.00,4766.50,1.50,0,3,0.09,NLOS,113.61,-3.01,-90.38,8.41,0.00,0,0,-100.69,4,-106.54,5,-107.74,1,-113.70,2,-115.67
298,4900.00,4766.50,1.50,0,3,0.09,NLOS,113.61,-3.01,-90.38,8.41,0.00,0,0,-100.69,4,-106.54,5,-107.74,1,-113.70,2,-115.67
299,4904.07,4766.50,1.50,0,3,0.09,NLOS,113.51,-6.81,-86.48,15.62,14.64,0,0,-106.07,2,-107.71,5,-109.30,4,-113.14,1,-115.43
300,4912.20,4766.50,1.50,0,3,0.09,NLOS,113.31,-6.81,-86.28,15.86,29.27,0,0,-106.26,2,-107.68,5,-109.14,4,-113.13,1,-115.53
